game_time,week,wp_post,team,type
0.0,1,0.44865316,GB,away
0.0,1,0.42260173,GB,away
0.649999999999999,1,0.418461,GB,away
1.35,1,0.4801179,GB,away
2.01666666666667,1,0.51782006,GB,away
2.71666666666667,1,0.4938462,GB,away
2.98333333333333,1,0.4938462,GB,away
3.13333333333333,1,0.42491564,GB,away
3.21666666666667,1,0.4019053,GB,away
3.33333333333334,1,0.42064464,GB,away
3.95,1,0.44624013,GB,away
4.05,1,0.5458536,GB,away
4.23333333333333,1,0.5616245,GB,away
4.68333333333333,1,0.54624844,GB,away
5.35,1,0.51962024,GB,away
5.71666666666667,1,0.49572366,GB,away
5.78333333333333,1,0.46429166,GB,away
6.5,1,0.48891246,GB,away
6.56666666666667,1,0.50076497,GB,away
6.65,1,0.50170183,GB,away
7.23333333333333,1,0.51848745,GB,away
7.81666666666667,1,0.6376388,GB,away
7.9,1,0.62141585,GB,away
8.28333333333333,1,0.62170625,GB,away
9.03333333333333,1,0.6657609,GB,away
9.55,1,0.6300386,GB,away
10.2666666666667,1,0.6610669,GB,away
11.1166666666667,1,0.64298433,GB,away
11.75,1,0.6289016,GB,away
11.85,1,0.5761638,GB,away
11.9333333333333,1,0.57352316,GB,away
11.9833333333333,1,0.5644486,GB,away
11.9833333333333,1,0.5592345,GB,away
12.6166666666667,1,0.5821377,GB,away
13.3333333333333,1,0.5700755,GB,away
13.65,1,0.5865315,GB,away
14.3333333333333,1,0.5503527,GB,away
14.9,1,0.5064626,GB,away
15.0,1,0.5064626,GB,away
15.0,1,0.543589,GB,away
15.1,1,0.59119964,GB,away
15.65,1,0.51623595,GB,away
15.8666666666667,1,0.50591433,GB,away
16.55,1,0.5316887,GB,away
17.2833333333333,1,0.39905632,GB,away
17.3666666666667,1,0.3980877,GB,away
17.3666666666667,1,0.39841777,GB,away
17.3666666666667,1,0.37985232,GB,away
17.45,1,0.42672145,GB,away
18.05,1,0.43130997,GB,away
18.7833333333333,1,0.49937814,GB,away
19.6,1,0.6045543,GB,away
19.7333333333333,1,0.6067228,GB,away
19.7333333333333,1,0.58268774,GB,away
19.7333333333333,1,0.57366323,GB,away
19.7333333333333,1,0.5840862,GB,away
20.45,1,0.61506873,GB,away
20.5666666666667,1,0.5297703,GB,away
21.2166666666667,1,0.54654187,GB,away
21.9333333333333,1,0.47227985,GB,away
22.6833333333333,1,0.47429925,GB,away
23.3333333333333,1,0.48015094,GB,away
23.8666666666667,1,0.4735375,GB,away
24.3666666666667,1,0.37786224,GB,away
24.4333333333333,1,0.3753332,GB,away
24.4333333333333,1,0.3756562,GB,away
24.4333333333333,1,0.35752106,GB,away
24.5166666666667,1,0.33620182,GB,away
24.6333333333333,1,0.58886087,GB,away
24.8166666666667,1,0.58886087,GB,away
24.8166666666667,1,0.59160256,GB,away
24.8166666666667,1,0.5934042,GB,away
24.9,1,0.6095787,GB,away
24.9833333333333,1,0.5626591,GB,away
25.6666666666667,1,0.5791893,GB,away
25.8166666666667,1,0.61063504,GB,away
26.4333333333333,1,0.53917074,GB,away
27.0833333333333,1,0.53834784,GB,away
27.8,1,0.5763999,GB,away
27.95,1,0.59944737,GB,away
28.0166666666667,1,0.49703187,GB,away
28.6,1,0.5097111,GB,away
29.1,1,0.49059057,GB,away
29.2833333333333,1,0.5679024,GB,away
29.4833333333333,1,0.5890586,GB,away
29.9166666666667,1,0.60589844,GB,away
29.9333333333333,1,0.50874114,GB,away
30.0,1,0.50245434,GB,away
30.0,1,0.49849278,GB,away
30.6333333333333,1,0.3069813,GB,away
30.85,1,0.30436724,GB,away
30.85,1,0.30465892,GB,away
30.85,1,0.28836817,GB,away
31.0166666666667,1,0.30281317,GB,away
31.4833333333333,1,0.36125064,GB,away
31.5833333333333,1,0.42571938,GB,away
32.2333333333333,1,0.40942478,GB,away
32.9,1,0.37737748,GB,away
32.9666666666667,1,0.47862142,GB,away
33.0333333333333,1,0.50548023,GB,away
33.0833333333333,1,0.50874114,GB,away
33.0833333333333,1,0.5006157,GB,away
33.0833333333333,1,0.520133,GB,away
33.1666666666667,1,0.5484804,GB,away
33.5833333333333,1,0.611184,GB,away
34.4333333333333,1,0.57324034,GB,away
34.5666666666667,1,0.6013467,GB,away
35.2166666666667,1,0.5739304,GB,away
35.6166666666667,1,0.5559064,GB,away
35.7,1,0.52895373,GB,away
35.7833333333333,1,0.48928675,GB,away
35.85,1,0.48928675,GB,away
36.0666666666667,1,0.49443388,GB,away
36.2166666666667,1,0.46396798,GB,away
36.75,1,0.5098773,GB,away
37.4333333333333,1,0.5559872,GB,away
37.55,1,0.5693084,GB,away
37.65,1,0.5939353,GB,away
38.3666666666667,1,0.5404882,GB,away
38.75,1,0.39184666,GB,away
38.8666666666667,1,0.36798513,GB,away
39.4166666666667,1,0.3682719,GB,away
39.8833333333333,1,0.32646865,GB,away
40.4666666666667,1,0.28827047,GB,away
40.5666666666667,1,0.2853887,GB,away
40.5666666666667,1,0.29030228,GB,away
40.5666666666667,1,0.30738613,GB,away
41.15,1,0.30572182,GB,away
41.8166666666667,1,0.28058764,GB,away
41.8833333333333,1,0.34414092,GB,away
42.45,1,0.4265705,GB,away
43.1333333333333,1,0.3946986,GB,away
43.8333333333333,1,0.36381415,GB,away
44.5666666666667,1,0.32205567,GB,away
44.65,1,0.21794981,GB,away
44.7166666666667,1,0.16893774,GB,away
45.0,1,0.16893774,GB,away
45.0,1,0.17847598,GB,away
45.05,1,0.15314269,GB,away
45.5,1,0.14300221,GB,away
46.1333333333333,1,0.15095204,GB,away
46.7333333333333,1,0.16587585,GB,away
46.8333333333333,1,0.26071388,GB,away
47.1166666666667,1,0.31605566,GB,away
47.75,1,0.26889938,GB,away
48.3833333333333,1,0.27458695,GB,away
49.0666666666667,1,0.41306219,GB,away
49.8166666666667,1,0.44139463,GB,away
50.5,1,0.4187577,GB,away
51.1833333333333,1,0.42018732,GB,away
51.9,1,0.40618038,GB,away
51.9833333333333,1,0.3286638,GB,away
52.0666666666667,1,0.23460972,GB,away
52.1333333333333,1,0.22882318,GB,away
52.1333333333333,1,0.2623971,GB,away
52.85,1,0.21902144,GB,away
53.0166666666667,1,0.20160884,GB,away
53.7,1,0.21157306,GB,away
54.45,1,0.18747222,GB,away
55.1333333333333,1,0.21794617,GB,away
55.2,1,0.25562483,GB,away
55.2833333333333,1,0.16582507,GB,away
55.4666666666667,1,0.16619241,GB,away
56.2,1,0.15394735,GB,away
56.9333333333333,1,0.14042383,GB,away
57.6166666666667,1,0.07445222,GB,away
57.75,1,0.07049179,GB,away
57.8333333333333,1,0.059457302,GB,away
58.0,1,0.05474305,GB,away
58.05,1,0.025486529,GB,away
58.8,1,0.028895319,GB,away
59.5,1,0.10991408,GB,away
59.55,1,0.081700884,GB,away
59.6333333333333,1,0.15438949,GB,away
59.75,1,0.17620711,GB,away
59.9,1,0.16986996,GB,away
59.95,1,0.0,GB,away
60.0,1,0.0,GB,away
0.0,3,0.43354625,GB,away
0.0,3,0.512194,GB,away
0.649999999999999,3,0.51782006,GB,away
1.2,3,0.4938462,GB,away
1.28333333333333,3,0.59471077,GB,away
1.95,3,0.5814419,GB,away
2.5,3,0.6123947,GB,away
2.58333333333334,3,0.6141305,GB,away
2.58333333333334,3,0.6053254,GB,away
2.58333333333334,3,0.569028,GB,away
3.2,3,0.555359,GB,away
3.91666666666666,3,0.5483568,GB,away
4.48333333333333,3,0.5622779,GB,away
5.15,3,0.5853541,GB,away
5.21666666666667,3,0.5130979,GB,away
6.01666666666667,3,0.53516525,GB,away
6.65,3,0.55854857,GB,away
6.75,3,0.5196153,GB,away
7.03333333333333,3,0.4806624,GB,away
7.7,3,0.43906844,GB,away
7.75,3,0.4351396,GB,away
7.75,3,0.43547815,GB,away
7.75,3,0.41410652,GB,away
8.31666666666667,3,0.427836,GB,away
9.01666666666667,3,0.48412365,GB,away
9.75,3,0.4658364,GB,away
10.3333333333333,3,0.4704101,GB,away
10.9833333333333,3,0.53440577,GB,away
11.75,3,0.6092223,GB,away
12.5,3,0.5860499,GB,away
13.1166666666667,3,0.57826906,GB,away
13.8333333333333,3,0.5432239,GB,away
13.8666666666667,3,0.49435616,GB,away
13.9166666666667,3,0.4851094,GB,away
14.0333333333333,3,0.71842253,GB,away
14.15,3,0.7195056,GB,away
14.15,3,0.71197724,GB,away
14.15,3,0.70420134,GB,away
14.8,3,0.69528246,GB,away
15.0,3,0.70938903,GB,away
15.7,3,0.7317251,GB,away
16.4666666666667,3,0.7475996,GB,away
17.2333333333333,3,0.70599896,GB,away
17.3333333333333,3,0.7731633,GB,away
18.0,3,0.77544284,GB,away
18.6833333333333,3,0.78441405,GB,away
19.2833333333333,3,0.8105187,GB,away
19.9333333333333,3,0.7710303,GB,away
20.6666666666667,3,0.7786684,GB,away
21.5333333333333,3,0.73503315,GB,away
21.6833333333333,3,0.7440585,GB,away
22.2833333333333,3,0.7389157,GB,away
23.05,3,0.7816845,GB,away
23.8333333333333,3,0.78313756,GB,away
23.9666666666667,3,0.75473326,GB,away
24.2833333333333,3,0.7555645,GB,away
24.9,3,0.7445953,GB,away
25.3833333333333,3,0.8056404,GB,away
26.1,3,0.8029212,GB,away
26.9,3,0.82776755,GB,away
27.5666666666667,3,0.8093423,GB,away
28.0,3,0.79043585,GB,away
28.2666666666667,3,0.78870773,GB,away
28.3666666666667,3,0.8672236,GB,away
28.5166666666667,3,0.8585898,GB,away
29.2166666666667,3,0.88364404,GB,away
29.55,3,0.84917754,GB,away
29.95,3,0.8463419,GB,away
30.0,3,0.86143214,GB,away
30.0833333333333,3,0.863091,GB,away
30.75,3,0.862483,GB,away
31.35,3,0.88126326,GB,away
32.0,3,0.8932898,GB,away
32.7166666666667,3,0.8921139,GB,away
33.2666666666667,3,0.9322196,GB,away
33.3666666666667,3,0.93279266,GB,away
33.95,3,0.9208648,GB,away
34.3166666666667,3,0.9182172,GB,away
35.05,3,0.9079139,GB,away
35.75,3,0.9366556,GB,away
35.8333333333333,3,0.93035734,GB,away
36.45,3,0.95878685,GB,away
36.5833333333333,3,0.9600761,GB,away
36.5833333333333,3,0.95656365,GB,away
36.6833333333333,3,0.9540158,GB,away
37.4333333333333,3,0.95507556,GB,away
38.0333333333333,3,0.93794954,GB,away
38.8,3,0.9453383,GB,away
38.9333333333333,3,0.94021285,GB,away
39.3,3,0.94881797,GB,away
40.0,3,0.9364485,GB,away
40.0833333333333,3,0.93607396,GB,away
40.0833333333333,3,0.9369963,GB,away
40.0833333333333,3,0.9420223,GB,away
40.65,3,0.94805974,GB,away
41.3,3,0.94019204,GB,away
41.9833333333333,3,0.92938054,GB,away
42.1166666666667,3,0.89797735,GB,away
42.3166666666667,3,0.8882708,GB,away
43.05,3,0.895867,GB,away
43.65,3,0.87502944,GB,away
44.3333333333333,3,0.8849648,GB,away
44.4166666666667,3,0.9581155,GB,away
44.5333333333333,3,0.9558102,GB,away
45.0,3,0.9558102,GB,away
45.0,3,0.9624067,GB,away
45.6,3,0.96716344,GB,away
46.1833333333333,3,0.9668483,GB,away
46.8833333333333,3,0.95549065,GB,away
46.9666666666667,3,0.9486816,GB,away
46.9666666666667,3,0.93777966,GB,away
47.1333333333333,3,0.9350878,GB,away
47.7666666666667,3,0.92963994,GB,away
48.45,3,0.9389141,GB,away
49.2166666666667,3,0.95322675,GB,away
49.3166666666667,3,0.97052246,GB,away
49.9,3,0.97546047,GB,away
50.1166666666667,3,0.9724501,GB,away
50.8,3,0.9698935,GB,away
50.8666666666667,3,0.9512289,GB,away
50.9333333333333,3,0.95480454,GB,away
51.0833333333333,3,0.96056145,GB,away
51.75,3,0.9675388,GB,away
52.5333333333333,3,0.98420256,GB,away
53.1333333333333,3,0.9861481,GB,away
53.3333333333333,3,0.9877967,GB,away
54.05,3,0.9947813,GB,away
54.7333333333333,3,0.99543434,GB,away
55.4333333333333,3,0.99496955,GB,away
55.5166666666667,3,0.995908,GB,away
56.2,3,0.9969663,GB,away
56.3666666666667,3,0.99616987,GB,away
56.4333333333333,3,0.99671,GB,away
56.5166666666667,3,0.9967184,GB,away
56.5166666666667,3,0.996964,GB,away
56.8833333333333,3,0.99749273,GB,away
57.3,3,0.9987053,GB,away
57.6833333333333,3,0.99884063,GB,away
57.7333333333333,3,0.999255,GB,away
57.8666666666667,3,0.99907506,GB,away
58.0,3,0.9991393,GB,away
58.1166666666667,3,0.9993198,GB,away
58.8833333333333,3,0.9990932,GB,away
59.0,3,0.99920005,GB,away
59.4,3,0.9991758,GB,away
59.4666666666667,3,0.99938875,GB,away
59.9166666666667,3,1.0,GB,away
60.0,3,1.0,GB,away
0.0,5,0.43354625,GB,away
0.0,5,0.41563025,GB,away
0.100000000000001,5,0.40069678,GB,away
0.866666666666667,5,0.34304214,GB,away
1.55,5,0.36538267,GB,away
1.71666666666667,5,0.3800435,GB,away
2.31666666666667,5,0.3821234,GB,away
2.88333333333333,5,0.41067594,GB,away
2.96666666666667,5,0.4115075,GB,away
3.16666666666666,5,0.4091102,GB,away
3.78333333333333,5,0.4166582,GB,away
4.38333333333333,5,0.41182333,GB,away
5.1,5,0.43320796,GB,away
5.83333333333334,5,0.44571027,GB,away
6.56666666666667,5,0.46438223,GB,away
7.23333333333333,5,0.44619572,GB,away
7.31666666666667,5,0.607273,GB,away
8.13333333333333,5,0.61336094,GB,away
8.25,5,0.61433965,GB,away
8.25,5,0.60553616,GB,away
8.25,5,0.57609016,GB,away
8.86666666666667,5,0.5485753,GB,away
9.53333333333333,5,0.5038166,GB,away
10.2166666666667,5,0.5260646,GB,away
10.8666666666667,5,0.54106694,GB,away
11.4666666666667,5,0.5854516,GB,away
11.5333333333333,5,0.6311475,GB,away
11.6,5,0.63768274,GB,away
12.1666666666667,5,0.6267492,GB,away
12.85,5,0.612702,GB,away
12.9333333333333,5,0.57677984,GB,away
12.9333333333333,5,0.57971025,GB,away
13.05,5,0.57664543,GB,away
13.6833333333333,5,0.58761,GB,away
13.9833333333333,5,0.60040635,GB,away
14.6,5,0.5803572,GB,away
15.0,5,0.5803572,GB,away
15.0,5,0.6322949,GB,away
15.5666666666667,5,0.54404753,GB,away
16.2,5,0.52600384,GB,away
16.95,5,0.550508,GB,away
17.05,5,0.5244694,GB,away
17.75,5,0.50651574,GB,away
18.4166666666667,5,0.5171138,GB,away
19.05,5,0.50623333,GB,away
19.5166666666667,5,0.5346416,GB,away
20.15,5,0.44266304,GB,away
20.2166666666667,5,0.43887272,GB,away
20.2166666666667,5,0.43921188,GB,away
20.2166666666667,5,0.42123598,GB,away
20.3,5,0.3838993,GB,away
20.75,5,0.35722283,GB,away
21.45,5,0.39183044,GB,away
21.5666666666667,5,0.3668158,GB,away
22.1166666666667,5,0.36549962,GB,away
22.8833333333333,5,0.38016236,GB,away
22.95,5,0.32899636,GB,away
23.65,5,0.32428843,GB,away
24.2833333333333,5,0.32627183,GB,away
24.9333333333333,5,0.2998587,GB,away
25.5833333333333,5,0.32894248,GB,away
26.1,5,0.358128,GB,away
26.1833333333333,5,0.43640995,GB,away
26.7833333333333,5,0.4121416,GB,away
26.9,5,0.41563195,GB,away
27.4666666666667,5,0.37563476,GB,away
27.7333333333333,5,0.35383028,GB,away
27.8,5,0.23315626,GB,away
27.9666666666667,5,0.25451574,GB,away
27.9666666666667,5,0.2547772,GB,away
27.9666666666667,5,0.25693724,GB,away
28.0666666666667,5,0.24865037,GB,away
28.3333333333333,5,0.26895246,GB,away
28.5,5,0.3030847,GB,away
28.8833333333333,5,0.30403936,GB,away
28.95,5,0.3462799,GB,away
29.3166666666667,5,0.33793145,GB,away
29.3833333333333,5,0.2517706,GB,away
29.6666666666667,5,0.24142408,GB,away
29.9666666666667,5,0.32107073,GB,away
30.0,5,0.31507754,GB,away
30.1,5,0.30783093,GB,away
30.75,5,0.30769956,GB,away
31.4833333333333,5,0.25736135,GB,away
32.1666666666667,5,0.2634037,GB,away
32.8333333333333,5,0.37688914,GB,away
33.0333333333333,5,0.38345614,GB,away
33.5666666666667,5,0.6115699,GB,away
33.75,5,0.614368,GB,away
33.75,5,0.614368,GB,away
33.8333333333333,5,0.6087095,GB,away
34.4833333333333,5,0.63315654,GB,away
34.6,5,0.58699954,GB,away
35.3166666666667,5,0.59558654,GB,away
35.9666666666667,5,0.55117065,GB,away
36.6,5,0.57040775,GB,away
36.6666666666667,5,0.61002564,GB,away
36.75,5,0.6890712,GB,away
36.9833333333333,5,0.7272932,GB,away
37.55,5,0.71954316,GB,away
38.2,5,0.77177626,GB,away
38.9666666666667,5,0.7808932,GB,away
39.7166666666667,5,0.79836637,GB,away
40.3166666666667,5,0.78358227,GB,away
41.0,5,0.8548845,GB,away
41.0833333333333,5,0.8561181,GB,away
41.0833333333333,5,0.8439914,GB,away
41.2166666666667,5,0.83598953,GB,away
41.85,5,0.83165276,GB,away
42.5666666666667,5,0.8168758,GB,away
43.2166666666667,5,0.8365171,GB,away
43.3166666666667,5,0.8034605,GB,away
43.9333333333333,5,0.85477364,GB,away
44.6833333333333,5,0.8453804,GB,away
45.0,5,0.8453804,GB,away
45.0,5,0.9049921,GB,away
45.6166666666667,5,0.9082377,GB,away
45.75,5,0.906878,GB,away
46.4333333333333,5,0.9212558,GB,away
47.1333333333333,5,0.9142667,GB,away
47.7666666666667,5,0.9461667,GB,away
48.5333333333333,5,0.94070333,GB,away
48.5333333333333,5,0.93139076,GB,away
48.5833333333333,5,0.93558794,GB,away
49.3,5,0.95505464,GB,away
49.8166666666667,5,0.9561451,GB,away
50.45,5,0.96577805,GB,away
51.1833333333333,5,0.9630075,GB,away
51.95,5,0.96483684,GB,away
52.6666666666667,5,0.973989,GB,away
53.0333333333333,5,0.973989,GB,away
53.0333333333333,5,0.9620895,GB,away
53.0833333333333,5,0.9570623,GB,away
53.1333333333333,5,0.94009304,GB,away
53.85,5,0.94427896,GB,away
53.9666666666667,5,0.9358993,GB,away
54.3166666666667,5,0.93957704,GB,away
54.3833333333333,5,0.9382806,GB,away
54.7,5,0.91487384,GB,away
54.8833333333333,5,0.9272284,GB,away
55.1,5,0.899131,GB,away
55.4666666666667,5,0.90754634,GB,away
55.5166666666667,5,0.8997002,GB,away
55.8333333333333,5,0.89079195,GB,away
55.9,5,0.88964003,GB,away
56.3666666666667,5,0.9005296,GB,away
56.3666666666667,5,0.9005296,GB,away
56.4333333333333,5,0.79692173,GB,away
56.5,5,0.8422055,GB,away
56.5,5,0.8453649,GB,away
56.5,5,0.8689274,GB,away
56.6166666666667,5,0.84957486,GB,away
56.6666666666667,5,0.82852685,GB,away
56.7333333333333,5,0.77982205,GB,away
56.8333333333333,5,0.72894776,GB,away
57.05,5,0.7002661,GB,away
57.4,5,0.7292169,GB,away
57.45,5,0.6926415,GB,away
57.7666666666667,5,0.7238673,GB,away
57.9,5,0.77429044,GB,away
57.95,5,0.76944125,GB,away
58.05,5,0.65627205,GB,away
58.45,5,0.63991004,GB,away
58.7166666666667,5,0.8035313,GB,away
58.8166666666667,5,0.77970296,GB,away
58.9166666666667,5,0.9713588,GB,away
0.0,8,0.43354625,GB,away
0.0,8,0.44946557,GB,away
0.68333333333333,8,0.46242705,GB,away
1.25,8,0.46609178,GB,away
2.01666666666667,8,0.44163436,GB,away
2.66666666666666,8,0.3983885,GB,away
3.16666666666666,8,0.36237556,GB,away
3.31666666666667,8,0.3915285,GB,away
3.48333333333333,8,0.39122295,GB,away
4.18333333333333,8,0.41064596,GB,away
4.25,8,0.441643,GB,away
4.93333333333333,8,0.39850125,GB,away
5.1,8,0.37476656,GB,away
5.78333333333333,8,0.3409455,GB,away
6.43333333333333,8,0.2660359,GB,away
6.51666666666667,8,0.34841955,GB,away
6.75,8,0.36278886,GB,away
7.48333333333333,8,0.36681026,GB,away
8.28333333333333,8,0.39321774,GB,away
8.61666666666667,8,0.41634297,GB,away
8.7,8,0.40704152,GB,away
8.81666666666667,8,0.45888045,GB,away
9.5,8,0.4567099,GB,away
10.1,8,0.48412365,GB,away
10.75,8,0.53440577,GB,away
11.4333333333333,8,0.5373267,GB,away
12.2166666666667,8,0.5107383,GB,away
12.6333333333333,8,0.51341134,GB,away
13.1166666666667,8,0.5646763,GB,away
13.8,8,0.52872133,GB,away
14.4833333333333,8,0.5255532,GB,away
15.0,8,0.5255532,GB,away
15.2333333333333,8,0.5342611,GB,away
15.95,8,0.4272256,GB,away
16.0333333333333,8,0.44452012,GB,away
16.7,8,0.44975126,GB,away
16.95,8,0.54703504,GB,away
17.0666666666667,8,0.54941356,GB,away
17.65,8,0.527459,GB,away
18.3166666666667,8,0.6018251,GB,away
18.4166666666667,8,0.623602,GB,away
18.4833333333333,8,0.6248675,GB,away
18.4833333333333,8,0.61615425,GB,away
18.4833333333333,8,0.6404965,GB,away
19.1,8,0.6202152,GB,away
19.7666666666667,8,0.6612815,GB,away
20.45,8,0.6550306,GB,away
20.6,8,0.6572968,GB,away
21.2333333333333,8,0.78440946,GB,away
21.9333333333333,8,0.7575844,GB,away
22.45,8,0.7459728,GB,away
22.5666666666667,8,0.7500053,GB,away
23.25,8,0.7187682,GB,away
23.8833333333333,8,0.7295268,GB,away
23.95,8,0.7221637,GB,away
23.95,8,0.6876869,GB,away
24.5666666666667,8,0.6894449,GB,away
25.2666666666667,8,0.64163506,GB,away
25.95,8,0.60827243,GB,away
26.7166666666667,8,0.61746037,GB,away
27.1666666666667,8,0.64701843,GB,away
27.2333333333333,8,0.56158036,GB,away
27.3833333333333,8,0.55956846,GB,away
27.3833333333333,8,0.55990785,GB,away
27.3833333333333,8,0.5811001,GB,away
28.0,8,0.5631486,GB,away
28.0833333333333,8,0.6340259,GB,away
28.2,8,0.6233519,GB,away
28.6,8,0.61190635,GB,away
28.7,8,0.55369055,GB,away
28.8,8,0.6440941,GB,away
28.8833333333333,8,0.6658324,GB,away
28.95,8,0.61055756,GB,away
29.0333333333333,8,0.6398675,GB,away
29.1,8,0.6398675,GB,away
29.2,8,0.6489992,GB,away
29.5166666666667,8,0.5911938,GB,away
29.6166666666667,8,0.5788553,GB,away
29.7333333333333,8,0.5925349,GB,away
29.8333333333333,8,0.6209729,GB,away
29.8833333333333,8,0.5781399,GB,away
29.95,8,0.57847583,GB,away
30.0,8,0.5443737,GB,away
30.0,8,0.53991425,GB,away
30.65,8,0.55059385,GB,away
31.2833333333333,8,0.595909,GB,away
31.3666666666667,8,0.5772229,GB,away
31.4833333333333,8,0.60881454,GB,away
32.1666666666667,8,0.60304976,GB,away
32.8666666666667,8,0.57006556,GB,away
33.5166666666667,8,0.5523544,GB,away
34.1333333333333,8,0.5746701,GB,away
34.2833333333333,8,0.55968696,GB,away
34.9,8,0.52092874,GB,away
35.3166666666667,8,0.51491284,GB,away
35.75,8,0.5403811,GB,away
35.75,8,0.50984126,GB,away
36.45,8,0.5719315,GB,away
37.0833333333333,8,0.49993587,GB,away
37.7666666666667,8,0.51945424,GB,away
38.3833333333333,8,0.4208367,GB,away
38.9833333333333,8,0.41698062,GB,away
39.7166666666667,8,0.32629696,GB,away
39.8333333333333,8,0.32399958,GB,away
39.8333333333333,8,0.31374007,GB,away
39.8333333333333,8,0.31429303,GB,away
40.4166666666667,8,0.30551752,GB,away
41.0166666666667,8,0.3292716,GB,away
41.7166666666667,8,0.31430447,GB,away
42.3333333333333,8,0.2943232,GB,away
43.0,8,0.33468658,GB,away
43.7833333333333,8,0.4149965,GB,away
44.4833333333333,8,0.5787541,GB,away
44.65,8,0.5831182,GB,away
44.65,8,0.59313726,GB,away
44.8,8,0.6053347,GB,away
45.0,8,0.6053347,GB,away
45.0,8,0.63800466,GB,away
45.0833333333333,8,0.7722332,GB,away
45.2333333333333,8,0.79309195,GB,away
45.8,8,0.83434254,GB,away
45.9,8,0.83507645,GB,away
45.9,8,0.81815594,GB,away
45.9,8,0.8466721,GB,away
46.5333333333333,8,0.8616862,GB,away
46.6,8,0.8989125,GB,away
46.7166666666667,8,0.89303726,GB,away
46.9166666666667,8,0.90164125,GB,away
47.55,8,0.91705906,GB,away
48.1666666666667,8,0.9193879,GB,away
48.8,8,0.9099876,GB,away
49.5833333333333,8,0.90848064,GB,away
49.65,8,0.9116932,GB,away
50.2,8,0.8777357,GB,away
50.3333333333333,8,0.8963748,GB,away
50.9333333333333,8,0.870793,GB,away
51.3666666666667,8,0.8763136,GB,away
51.8666666666667,8,0.84700644,GB,away
52.4,8,0.8498521,GB,away
52.8666666666667,8,0.87714964,GB,away
53.6833333333333,8,0.9283264,GB,away
54.35,8,0.8861079,GB,away
54.4,8,0.88850474,GB,away
54.4,8,0.89507645,GB,away
55.1333333333333,8,0.9121926,GB,away
55.8666666666667,8,0.8852869,GB,away
55.95,8,0.8544268,GB,away
56.1666666666667,8,0.84794474,GB,away
56.6,8,0.8206639,GB,away
56.6833333333333,8,0.77057767,GB,away
57.1833333333333,8,0.79383874,GB,away
57.7166666666667,8,0.823166,GB,away
57.8,8,0.68906367,GB,away
58.0,8,0.7169865,GB,away
58.1,8,0.57615036,GB,away
58.2,8,0.55993986,GB,away
58.2,8,0.5658375,GB,away
58.2,8,0.5706042,GB,away
58.7833333333333,8,0.80218995,GB,away
58.9333333333333,8,0.8201777,GB,away
59.0166666666667,8,0.85945886,GB,away
59.9666666666667,8,1.0,GB,away
60.0,8,1.0,GB,away
0.0,11,0.43354625,GB,away
0.0,11,0.41563025,GB,away
0.633333333333333,11,0.4548994,GB,away
1.33333333333334,11,0.43678147,GB,away
1.41666666666666,11,0.4801179,GB,away
2.03333333333333,11,0.53793156,GB,away
2.68333333333333,11,0.54587775,GB,away
3.38333333333333,11,0.5600779,GB,away
3.7,11,0.6123947,GB,away
3.75,11,0.6141305,GB,away
3.75,11,0.6053254,GB,away
3.85,11,0.60796845,GB,away
4.35,11,0.6243236,GB,away
4.43333333333333,11,0.57262874,GB,away
5.1,11,0.5483568,GB,away
5.7,11,0.56661683,GB,away
6.3,11,0.5855682,GB,away
7.01666666666667,11,0.61375314,GB,away
7.1,11,0.5709997,GB,away
7.18333333333333,11,0.57133704,GB,away
7.18333333333333,11,0.57354224,GB,away
7.78333333333333,11,0.6024207,GB,away
8.36666666666667,11,0.5883956,GB,away
8.45,11,0.5408215,GB,away
9.11666666666667,11,0.55205834,GB,away
9.95,11,0.5598837,GB,away
10.1,11,0.57249105,GB,away
10.7,11,0.57006234,GB,away
11.35,11,0.5397354,GB,away
12.0166666666667,11,0.5421711,GB,away
12.6166666666667,11,0.5130364,GB,away
13.15,11,0.5441187,GB,away
13.4,11,0.5324321,GB,away
14.15,11,0.5548094,GB,away
14.5333333333333,11,0.49603868,GB,away
15.0,11,0.49603868,GB,away
15.0,11,0.51290715,GB,away
15.05,11,0.5687703,GB,away
15.7666666666667,11,0.54204655,GB,away
16.4,11,0.58333987,GB,away
16.5333333333333,11,0.5654125,GB,away
17.1833333333333,11,0.53599066,GB,away
17.8833333333333,11,0.60453075,GB,away
18.7166666666667,11,0.5992701,GB,away
19.3666666666667,11,0.5899898,GB,away
20.1166666666667,11,0.5495279,GB,away
20.1833333333333,11,0.6411214,GB,away
20.1833333333333,11,0.680821,GB,away
20.9,11,0.6827033,GB,away
21.6,11,0.7077342,GB,away
22.4666666666667,11,0.7345614,GB,away
23.1833333333333,11,0.7114463,GB,away
23.2833333333333,11,0.66575426,GB,away
24.0,11,0.5510291,GB,away
24.1833333333333,11,0.56766117,GB,away
24.8833333333333,11,0.52153575,GB,away
25.5666666666667,11,0.538345,GB,away
26.2166666666667,11,0.5643226,GB,away
26.7166666666667,11,0.507004,GB,away
27.4166666666667,11,0.49467635,GB,away
28.0,11,0.4852209,GB,away
28.6,11,0.44022053,GB,away
28.7,11,0.43006772,GB,away
28.8166666666667,11,0.4053396,GB,away
29.0,11,0.39968455,GB,away
29.0833333333333,11,0.41658163,GB,away
29.8333333333333,11,0.3154931,GB,away
29.8833333333333,11,0.31165522,GB,away
29.8833333333333,11,0.32848173,GB,away
30.0,11,0.3156131,GB,away
30.0,11,0.28476375,GB,away
30.6333333333333,11,0.25736135,GB,away
31.35,11,0.26849842,GB,away
31.95,11,0.29558438,GB,away
32.0166666666667,11,0.28590387,GB,away
32.7666666666667,11,0.22707897,GB,away
33.2833333333333,11,0.20359093,GB,away
33.8833333333333,11,0.21415699,GB,away
34.5666666666667,11,0.26124442,GB,away
34.65,11,0.27861166,GB,away
34.7166666666667,11,0.2834548,GB,away
34.7166666666667,11,0.28126526,GB,away
35.3166666666667,11,0.31396526,GB,away
36.0333333333333,11,0.31788152,GB,away
36.3333333333333,11,0.3471734,GB,away
36.9833333333333,11,0.333219,GB,away
37.6666666666667,11,0.42051566,GB,away
38.3666666666667,11,0.45655426,GB,away
38.4333333333333,11,0.4579059,GB,away
38.4333333333333,11,0.4597587,GB,away
38.5166666666667,11,0.46954185,GB,away
38.95,11,0.48391217,GB,away
39.6166666666667,11,0.42974013,GB,away
40.15,11,0.4160182,GB,away
40.5833333333333,11,0.41784954,GB,away
41.3,11,0.43973553,GB,away
41.4166666666667,11,0.42455864,GB,away
42.0833333333333,11,0.51031804,GB,away
42.75,11,0.36895013,GB,away
43.45,11,0.4211318,GB,away
43.5,11,0.430813,GB,away
44.25,11,0.391123,GB,away
44.35,11,0.2372065,GB,away
44.4833333333333,11,0.2790815,GB,away
44.4833333333333,11,0.2790815,GB,away
44.5666666666667,11,0.27887073,GB,away
45.0,11,0.27887073,GB,away
45.0,11,0.31070164,GB,away
45.7166666666667,11,0.440822,GB,away
46.45,11,0.42251253,GB,away
47.1,11,0.42353138,GB,away
47.8166666666667,11,0.34612533,GB,away
48.5166666666667,11,0.22371972,GB,away
48.6833333333333,11,0.23857772,GB,away
49.2666666666667,11,0.21787518,GB,away
49.9333333333333,11,0.22617364,GB,away
50.6333333333333,11,0.22413164,GB,away
50.7166666666667,11,0.24146968,GB,away
51.4,11,0.19147038,GB,away
51.9333333333333,11,0.16612285,GB,away
52.7,11,0.17085719,GB,away
53.4166666666667,11,0.13829583,GB,away
53.9166666666667,11,0.14995342,GB,away
54.6333333333333,11,0.1838097,GB,away
54.7,11,0.16822726,GB,away
55.55,11,0.19636637,GB,away
55.55,11,0.22735815,GB,away
55.7166666666667,11,0.18928833,GB,away
56.3333333333333,11,0.48183927,GB,away
56.8,11,0.5689298,GB,away
56.9666666666667,11,0.56525546,GB,away
57.0166666666667,11,0.4945987,GB,away
57.0166666666667,11,0.48647535,GB,away
57.0166666666667,11,0.51656103,GB,away
57.4333333333333,11,0.5933367,GB,away
58.0,11,0.5812502,GB,away
58.45,11,0.37273985,GB,away
59.1166666666667,11,0.31037867,GB,away
59.4166666666667,11,0.3342905,GB,away
59.95,11,1.0,GB,away
60.0,11,1.0,GB,away
0.0,14,0.4475119,GB,away
0.0,14,0.4595595,GB,away
0.533333333333331,14,0.44644958,GB,away
1.08333333333334,14,0.42742664,GB,away
1.61666666666667,14,0.44546342,GB,away
1.68333333333333,14,0.41555333,GB,away
2.41666666666666,14,0.36586845,GB,away
3.01666666666667,14,0.39225763,GB,away
3.11666666666667,14,0.3168193,GB,away
3.78333333333333,14,0.34703523,GB,away
4.05,14,0.35319012,GB,away
4.65,14,0.35280466,GB,away
5.2,14,0.30066258,GB,away
5.26666666666667,14,0.30205235,GB,away
5.31666666666667,14,0.30070454,GB,away
5.31666666666667,14,0.3067246,GB,away
5.31666666666667,14,0.27633435,GB,away
6.05,14,0.2709569,GB,away
6.78333333333333,14,0.33707297,GB,away
6.86666666666667,14,0.32388198,GB,away
7.46666666666667,14,0.31289253,GB,away
8.15,14,0.28123242,GB,away
8.25,14,0.2750656,GB,away
8.36666666666667,14,0.2837175,GB,away
8.93333333333333,14,0.29342753,GB,away
9.55,14,0.3359787,GB,away
10.2166666666667,14,0.3388322,GB,away
10.3166666666667,14,0.32777244,GB,away
10.9333333333333,14,0.31113425,GB,away
10.9833333333333,14,0.2795797,GB,away
11.05,14,0.27600145,GB,away
11.05,14,0.26755446,GB,away
11.1666666666667,14,0.26125783,GB,away
11.6666666666667,14,0.27550733,GB,away
11.7666666666667,14,0.26077932,GB,away
12.4333333333333,14,0.25568372,GB,away
13.0166666666667,14,0.28193027,GB,away
13.7166666666667,14,0.3256722,GB,away
14.2833333333333,14,0.2827849,GB,away
14.4166666666667,14,0.28575057,GB,away
15.0,14,0.28575057,GB,away
15.0,14,0.22522193,GB,away
15.1666666666667,14,0.2149899,GB,away
15.7666666666667,14,0.18877882,GB,away
16.0666666666667,14,0.19849432,GB,away
16.15,14,0.20501417,GB,away
16.85,14,0.23288167,GB,away
16.9166666666667,14,0.2107172,GB,away
16.9833333333333,14,0.21549089,GB,away
16.9833333333333,14,0.2146421,GB,away
17.6,14,0.23827216,GB,away
18.3166666666667,14,0.23271328,GB,away
19.0666666666667,14,0.25110197,GB,away
19.7666666666667,14,0.27310136,GB,away
20.05,14,0.2628866,GB,away
20.7166666666667,14,0.2784872,GB,away
21.1333333333333,14,0.24659473,GB,away
21.5666666666667,14,0.266396,GB,away
22.3,14,0.2918998,GB,away
23.0166666666667,14,0.2973864,GB,away
23.3166666666667,14,0.28744295,GB,away
24.1333333333333,14,0.26659086,GB,away
24.1833333333333,14,0.31393635,GB,away
24.3666666666667,14,0.3374401,GB,away
24.4166666666667,14,0.33778054,GB,away
24.4166666666667,14,0.33217788,GB,away
24.4166666666667,14,0.30215985,GB,away
25.0666666666667,14,0.2925133,GB,away
25.4833333333333,14,0.2911992,GB,away
26.2,14,0.3118351,GB,away
26.25,14,0.28323507,GB,away
26.9666666666667,14,0.25705248,GB,away
27.9833333333333,14,0.2672267,GB,away
28.1166666666667,14,0.22634798,GB,away
28.8666666666667,14,0.20688564,GB,away
28.9833333333333,14,0.21652418,GB,away
29.0,14,0.24893177,GB,away
29.7666666666667,14,0.18833874,GB,away
29.8166666666667,14,0.18734394,GB,away
29.8166666666667,14,0.19171672,GB,away
30.0,14,0.1824521,GB,away
30.0,14,0.1633524,GB,away
30.7166666666667,14,0.2766726,GB,away
31.5,14,0.2634657,GB,away
31.5666666666667,14,0.2372024,GB,away
31.6666666666667,14,0.32066998,GB,away
31.75,14,0.32222784,GB,away
31.75,14,0.3151701,GB,away
31.75,14,0.33749574,GB,away
31.9166666666667,14,0.35003048,GB,away
32.5166666666667,14,0.5146258,GB,away
32.65,14,0.5073339,GB,away
33.35,14,0.55338204,GB,away
33.65,14,0.6115699,GB,away
33.75,14,0.614368,GB,away
33.75,14,0.60663867,GB,away
33.75,14,0.6011381,GB,away
34.1166666666667,14,0.58699954,GB,away
34.6666666666667,14,0.6057992,GB,away
35.2333333333333,14,0.64418924,GB,away
35.3333333333333,14,0.6366714,GB,away
35.9166666666667,14,0.56734926,GB,away
36.5333333333333,14,0.50520945,GB,away
37.25,14,0.44282,GB,away
37.8833333333333,14,0.41924298,GB,away
38.5333333333333,14,0.4395917,GB,away
38.6166666666667,14,0.4449619,GB,away
39.2666666666667,14,0.4833148,GB,away
39.9166666666667,14,0.36482763,GB,away
39.9666666666667,14,0.36223033,GB,away
39.9666666666667,14,0.36778596,GB,away
39.9666666666667,14,0.3472614,GB,away
40.1,14,0.3113769,GB,away
40.8333333333333,14,0.31854153,GB,away
41.5,14,0.28216583,GB,away
41.6333333333333,14,0.29523373,GB,away
42.2333333333333,14,0.3068257,GB,away
42.8833333333333,14,0.33366865,GB,away
43.5166666666667,14,0.47735417,GB,away
43.5666666666667,14,0.5067306,GB,away
44.2,14,0.5724243,GB,away
45.0,14,0.5724243,GB,away
45.0,14,0.5596286,GB,away
45.6,14,0.6306234,GB,away
45.6666666666667,14,0.6331854,GB,away
45.6666666666667,14,0.62560344,GB,away
45.6666666666667,14,0.5837681,GB,away
46.2333333333333,14,0.58531225,GB,away
46.75,14,0.5757754,GB,away
47.3166666666667,14,0.51812696,GB,away
47.95,14,0.53580475,GB,away
48.6,14,0.4546268,GB,away
49.1833333333333,14,0.41817182,GB,away
49.8833333333333,14,0.4136848,GB,away
50.55,14,0.41385233,GB,away
51.2833333333333,14,0.33861715,GB,away
51.35,14,0.33534575,GB,away
51.35,14,0.3407093,GB,away
51.35,14,0.3125307,GB,away
51.35,14,0.28822917,GB,away
52.05,14,0.4128668,GB,away
52.7833333333333,14,0.38004848,GB,away
53.4666666666667,14,0.544362,GB,away
54.0333333333333,14,0.5908133,GB,away
54.6333333333333,14,0.58191764,GB,away
55.3666666666667,14,0.49015898,GB,away
55.4666666666667,14,0.46169558,GB,away
55.5833333333333,14,0.39173618,GB,away
56.3,14,0.42961782,GB,away
56.3666666666667,14,0.42167133,GB,away
56.3666666666667,14,0.3696128,GB,away
56.45,14,0.32761824,GB,away
57.2,14,0.2831691,GB,away
57.9,14,0.31559873,GB,away
57.9833333333333,14,0.23817569,GB,away
58.0833333333333,14,0.26510096,GB,away
58.2,14,0.25108355,GB,away
58.3,14,0.18641162,GB,away
58.55,14,0.2381447,GB,away
59.2833333333333,14,0.1315161,GB,away
59.7166666666667,14,0.16009283,GB,away
59.9666666666667,14,0.0,GB,away
60.0,14,0.0,GB,away
0.0,15,0.4548994,GB,away
0.0833333333333357,15,0.44197083,GB,away
0.716666666666669,15,0.5304118,GB,away
1.13333333333333,15,0.53280836,GB,away
1.71666666666667,15,0.5361093,GB,away
2.15,15,0.5600779,GB,away
2.83333333333334,15,0.5784725,GB,away
3.53333333333333,15,0.59471077,GB,away
4.2,15,0.5814419,GB,away
4.93333333333333,15,0.58925,GB,away
5.61666666666667,15,0.6128522,GB,away
5.68333333333333,15,0.6141305,GB,away
5.68333333333333,15,0.6141305,GB,away
5.78333333333333,15,0.5878329,GB,away
6.13333333333333,15,0.6040813,GB,away
6.78333333333333,15,0.5975666,GB,away
7.48333333333333,15,0.6415658,GB,away
8.16666666666666,15,0.64772034,GB,away
8.28333333333333,15,0.6951589,GB,away
9.01666666666667,15,0.7011186,GB,away
9.61666666666667,15,0.6995323,GB,away
10.35,15,0.73103327,GB,away
11.0333333333333,15,0.74349064,GB,away
11.6833333333333,15,0.76138026,GB,away
12.3166666666667,15,0.7569172,GB,away
13.0,15,0.7957528,GB,away
13.1,15,0.7957528,GB,away
13.1,15,0.7924087,GB,away
13.2,15,0.7873559,GB,away
13.8666666666667,15,0.82125354,GB,away
14.35,15,0.7736634,GB,away
14.7666666666667,15,0.75525707,GB,away
15.0,15,0.75525707,GB,away
15.0,15,0.7320052,GB,away
15.6,15,0.7555695,GB,away
16.2833333333333,15,0.81160116,GB,away
16.95,15,0.7816919,GB,away
17.0166666666667,15,0.78313106,GB,away
17.1166666666667,15,0.79118854,GB,away
17.75,15,0.8051765,GB,away
18.2166666666667,15,0.81953084,GB,away
18.9333333333333,15,0.8489462,GB,away
19.05,15,0.85433805,GB,away
19.75,15,0.85407555,GB,away
20.4833333333333,15,0.8339418,GB,away
20.5833333333333,15,0.82892746,GB,away
20.65,15,0.82892746,GB,away
20.75,15,0.83056766,GB,away
21.3833333333333,15,0.8386269,GB,away
22.0333333333333,15,0.815197,GB,away
22.75,15,0.80675334,GB,away
23.2333333333333,15,0.80977833,GB,away
23.85,15,0.799061,GB,away
23.9333333333333,15,0.7813263,GB,away
24.65,15,0.7740649,GB,away
25.2833333333333,15,0.7685886,GB,away
25.95,15,0.75046563,GB,away
26.3833333333333,15,0.7608737,GB,away
26.8166666666667,15,0.78562754,GB,away
26.8833333333333,15,0.8625067,GB,away
27.1,15,0.85799134,GB,away
27.4333333333333,15,0.85396045,GB,away
27.7,15,0.89488214,GB,away
28.0,15,0.8971475,GB,away
28.4,15,0.9000452,GB,away
29.1,15,0.89739585,GB,away
29.7333333333333,15,0.89802414,GB,away
29.9333333333333,15,0.8876581,GB,away
29.9333333333333,15,0.93340385,GB,away
30.0,15,0.8860034,GB,away
30.1333333333333,15,0.8908956,GB,away
30.7333333333333,15,0.8742964,GB,away
31.3166666666667,15,0.8859057,GB,away
31.6666666666667,15,0.879231,GB,away
32.3333333333333,15,0.8722433,GB,away
32.7333333333333,15,0.8890022,GB,away
33.35,15,0.9025738,GB,away
33.4166666666667,15,0.9162977,GB,away
33.7833333333333,15,0.9364265,GB,away
34.4666666666667,15,0.9206284,GB,away
34.5666666666667,15,0.92619586,GB,away
35.3,15,0.9260642,GB,away
36.3833333333333,15,0.9127618,GB,away
37.0833333333333,15,0.8980046,GB,away
37.2333333333333,15,0.8769737,GB,away
37.8,15,0.8851718,GB,away
37.85,15,0.9093073,GB,away
38.4833333333333,15,0.9279059,GB,away
38.5833333333333,15,0.9291624,GB,away
38.6666666666667,15,0.9301769,GB,away
38.6666666666667,15,0.9455819,GB,away
38.7666666666667,15,0.94032484,GB,away
39.4,15,0.95289207,GB,away
40.1833333333333,15,0.96040505,GB,away
40.95,15,0.95788795,GB,away
41.5666666666667,15,0.95748234,GB,away
42.2666666666667,15,0.9533239,GB,away
42.55,15,0.95958513,GB,away
43.35,15,0.9515472,GB,away
43.4,15,0.9515472,GB,away
43.5,15,0.9615798,GB,away
43.9166666666667,15,0.9732173,GB,away
44.55,15,0.98096013,GB,away
45.0,15,0.98096013,GB,away
45.0,15,0.98145515,GB,away
45.1666666666667,15,0.97873497,GB,away
45.8,15,0.9797492,GB,away
46.4833333333333,15,0.9699696,GB,away
46.55,15,0.9673793,GB,away
46.55,15,0.97934705,GB,away
46.7,15,0.98168254,GB,away
46.75,15,0.98342717,GB,away
46.8,15,0.9881841,GB,away
46.8833333333333,15,0.98334485,GB,away
47.0,15,0.97883713,GB,away
47.1166666666667,15,0.9574461,GB,away
47.2666666666667,15,0.9583913,GB,away
47.7333333333333,15,0.9633255,GB,away
47.8166666666667,15,0.9508492,GB,away
48.2333333333333,15,0.9602548,GB,away
48.6166666666667,15,0.9042301,GB,away
48.7333333333333,15,0.9012804,GB,away
48.7333333333333,15,0.90972096,GB,away
48.8166666666667,15,0.90986353,GB,away
49.4833333333333,15,0.90445477,GB,away
49.6,15,0.8949456,GB,away
49.7333333333333,15,0.861031,GB,away
49.9333333333333,15,0.879679,GB,away
50.05,15,0.89187384,GB,away
50.1333333333333,15,0.9051109,GB,away
50.3166666666667,15,0.9344499,GB,away
50.4666666666667,15,0.9382757,GB,away
51.2,15,0.95021635,GB,away
51.95,15,0.96059334,GB,away
52.6166666666667,15,0.95462763,GB,away
53.3333333333333,15,0.96179765,GB,away
54.0166666666667,15,0.9467852,GB,away
54.0833333333333,15,0.9164903,GB,away
54.1666666666667,15,0.93552184,GB,away
54.55,15,0.9682603,GB,away
54.7166666666667,15,0.9662429,GB,away
54.85,15,0.9694595,GB,away
54.9166666666667,15,0.9930076,GB,away
55.0166666666667,15,0.99370056,GB,away
55.0166666666667,15,0.99371666,GB,away
55.15,15,0.9977807,GB,away
55.5333333333333,15,0.99801254,GB,away
55.6333333333333,15,0.9985647,GB,away
56.55,15,0.9989668,GB,away
56.7,15,0.99892765,GB,away
57.4333333333333,15,0.99893326,GB,away
58.0,15,0.9990546,GB,away
58.1,15,0.99867594,GB,away
58.2333333333333,15,0.9985524,GB,away
58.9,15,0.9988535,GB,away
59.4666666666667,15,1.0,GB,away
60.0,15,1.0,GB,away
0.0,17,0.43354625,GB,away
0.0,17,0.42164847,GB,away
0.616666666666667,17,0.42810115,GB,away
1.35,17,0.46242705,GB,away
2.03333333333333,17,0.47786847,GB,away
2.73333333333333,17,0.35955483,GB,away
2.83333333333334,17,0.3498438,GB,away
3.45,17,0.34841955,GB,away
4.1,17,0.36278886,GB,away
4.71666666666667,17,0.39321774,GB,away
4.81666666666667,17,0.4117754,GB,away
5.51666666666667,17,0.4141531,GB,away
5.61666666666667,17,0.40142336,GB,away
5.7,17,0.3763573,GB,away
5.8,17,0.34672892,GB,away
5.88333333333333,17,0.36538267,GB,away
6.0,17,0.37411958,GB,away
6.58333333333334,17,0.37220198,GB,away
7.25,17,0.34515285,GB,away
7.98333333333333,17,0.31374526,GB,away
8.63333333333333,17,0.33764535,GB,away
8.75,17,0.3823281,GB,away
8.88333333333333,17,0.4709913,GB,away
8.96666666666667,17,0.47638944,GB,away
9.6,17,0.45439875,GB,away
10.0166666666667,17,0.520787,GB,away
10.65,17,0.5841213,GB,away
11.1666666666667,17,0.5793192,GB,away
11.7166666666667,17,0.55822945,GB,away
12.4166666666667,17,0.54777753,GB,away
13.1666666666667,17,0.49435616,GB,away
13.2166666666667,17,0.49622148,GB,away
13.2833333333333,17,0.49784392,GB,away
13.9333333333333,17,0.46475613,GB,away
14.6,17,0.48157728,GB,away
15.0,17,0.48157728,GB,away
15.0,17,0.49836582,GB,away
15.6666666666667,17,0.416169,GB,away
16.4166666666667,17,0.46815115,GB,away
17.05,17,0.39854485,GB,away
17.6833333333333,17,0.41213334,GB,away
18.0333333333333,17,0.3142998,GB,away
18.1333333333333,17,0.3129066,GB,away
18.1333333333333,17,0.31320277,GB,away
18.1333333333333,17,0.32126266,GB,away
18.8333333333333,17,0.30952635,GB,away
19.2333333333333,17,0.35372066,GB,away
19.9166666666667,17,0.36177304,GB,away
20.3166666666667,17,0.4076289,GB,away
20.3833333333333,17,0.41495708,GB,away
21.0333333333333,17,0.4126707,GB,away
21.7,17,0.38648316,GB,away
22.45,17,0.2607503,GB,away
22.5166666666667,17,0.27301896,GB,away
23.2,17,0.2385391,GB,away
23.9,17,0.21783054,GB,away
23.9833333333333,17,0.203165,GB,away
24.6166666666667,17,0.2286281,GB,away
25.3666666666667,17,0.18500036,GB,away
26.0666666666667,17,0.1763075,GB,away
26.7666666666667,17,0.18472481,GB,away
26.8166666666667,17,0.19607973,GB,away
27.6,17,0.22102249,GB,away
27.6833333333333,17,0.23529296,GB,away
27.7333333333333,17,0.23554084,GB,away
27.7333333333333,17,0.23065554,GB,away
28.0,17,0.24390766,GB,away
28.4,17,0.23322716,GB,away
28.4666666666667,17,0.2050275,GB,away
28.5666666666667,17,0.20641369,GB,away
28.7333333333333,17,0.16741806,GB,away
29.2,17,0.16401047,GB,away
29.6,17,0.1586271,GB,away
29.6833333333333,17,0.18245578,GB,away
29.7833333333333,17,0.15926105,GB,away
30.0,17,0.14671034,GB,away
30.0,17,0.13283116,GB,away
30.0,17,0.14358974,GB,away
30.0,17,0.14474714,GB,away
30.6666666666667,17,0.13021433,GB,away
31.2833333333333,17,0.11424166,GB,away
31.9,17,0.12303287,GB,away
31.9833333333333,17,0.13115275,GB,away
32.75,17,0.10223061,GB,away
33.5666666666667,17,0.10703653,GB,away
33.95,17,0.10169792,GB,away
34.5,17,0.08171427,GB,away
35.1666666666667,17,0.06365474,GB,away
35.2666666666667,17,0.0634625,GB,away
35.2666666666667,17,0.079031125,GB,away
35.2666666666667,17,0.07440057,GB,away
35.75,17,0.07138031,GB,away
36.1,17,0.06409314,GB,away
36.8166666666667,17,0.055543527,GB,away
36.9333333333333,17,0.041757107,GB,away
37.0833333333333,17,0.04690528,GB,away
37.75,17,0.09560369,GB,away
37.95,17,0.09578872,GB,away
38.65,17,0.09678188,GB,away
39.4,17,0.08741931,GB,away
39.8166666666667,17,0.13459302,GB,away
39.8833333333333,17,0.13626254,GB,away
39.8833333333333,17,0.13248187,GB,away
39.8833333333333,17,0.13062799,GB,away
40.2166666666667,17,0.11017424,GB,away
40.95,17,0.113245666,GB,away
41.3333333333333,17,0.104061544,GB,away
41.7833333333333,17,0.08643675,GB,away
42.4833333333333,17,0.06738156,GB,away
43.2666666666667,17,0.07547891,GB,away
44.05,17,0.038259815,GB,away
44.15,17,0.038024887,GB,away
44.15,17,0.044499595,GB,away
44.15,17,0.03437084,GB,away
44.5,17,0.03387845,GB,away
44.5666666666667,17,0.035098277,GB,away
45.0,17,0.035098277,GB,away
45.0,17,0.027737986,GB,away
45.3666666666667,17,0.023111753,GB,away
45.8666666666667,17,0.021544987,GB,away
45.95,17,0.015203457,GB,away
46.5333333333333,17,0.012333989,GB,away
46.6333333333333,17,0.015690804,GB,away
47.0333333333333,17,0.009382188,GB,away
47.8166666666667,17,0.0071123242,GB,away
48.5,17,0.006133616,GB,away
49.1166666666667,17,0.0047881603,GB,away
49.8333333333333,17,0.0045951605,GB,away
50.5333333333333,17,0.006529808,GB,away
50.6333333333333,17,0.024645265,GB,away
50.7,17,0.021018557,GB,away
50.75,17,0.019164262,GB,away
51.5333333333333,17,0.024537202,GB,away
51.9333333333333,17,0.028917173,GB,away
52.3833333333333,17,0.025629878,GB,away
52.5,17,0.028035412,GB,away
52.8833333333333,17,0.02577766,GB,away
53.0,17,0.026510488,GB,away
53.35,17,0.030311545,GB,away
53.75,17,0.036441922,GB,away
53.8,17,0.04785186,GB,away
53.8,17,0.048241377,GB,away
53.8833333333333,17,0.05702561,GB,away
53.9666666666667,17,0.050730824,GB,away
54.6833333333333,17,0.06070268,GB,away
55.2,17,0.08724511,GB,away
55.2833333333333,17,0.08073598,GB,away
55.2833333333333,17,0.06901307,GB,away
55.3833333333333,17,0.057374187,GB,away
55.8666666666667,17,0.05264248,GB,away
55.9333333333333,17,0.1075762,GB,away
56.3833333333333,17,0.11936845,GB,away
56.45,17,0.10600238,GB,away
56.5166666666667,17,0.14681089,GB,away
56.5166666666667,17,0.12040707,GB,away
56.9333333333333,17,0.20406227,GB,away
57.35,17,0.1728099,GB,away
57.6666666666667,17,0.16309862,GB,away
57.7,17,0.1634267,GB,away
57.7,17,0.15903103,GB,away
57.7,17,0.09857845,GB,away
58.0,17,0.11938453,GB,away
58.05,17,0.09669489,GB,away
58.1833333333333,17,0.06291717,GB,away
0.0,19,0.35270208,GB,away
0.116666666666667,19,0.27749115,GB,away
0.883333333333333,19,0.28795552,GB,away
1.5,19,0.24618973,GB,away
1.65,19,0.24461472,GB,away
1.65,19,0.23231663,GB,away
1.78333333333333,19,0.22222215,GB,away
1.86666666666667,19,0.21029131,GB,away
2.55,19,0.18975839,GB,away
2.7,19,0.24428922,GB,away
2.85,19,0.24772906,GB,away
3.23333333333333,19,0.19139922,GB,away
3.56666666666667,19,0.19644135,GB,away
4.26666666666667,19,0.19428378,GB,away
4.9,19,0.22203374,GB,away
5.65,19,0.23441373,GB,away
5.78333333333333,19,0.22352697,GB,away
6.16666666666666,19,0.23423523,GB,away
6.85,19,0.2625643,GB,away
7.48333333333333,19,0.25698063,GB,away
8.1,19,0.2531675,GB,away
8.83333333333334,19,0.18726738,GB,away
9.48333333333333,19,0.19305748,GB,away
9.68333333333333,19,0.16907263,GB,away
10.3333333333333,19,0.15296763,GB,away
11.0666666666667,19,0.1584863,GB,away
11.7666666666667,19,0.1644485,GB,away
12.4,19,0.14004064,GB,away
12.9333333333333,19,0.14773834,GB,away
13.6666666666667,19,0.13561243,GB,away
14.3666666666667,19,0.14177638,GB,away
14.4166666666667,19,0.1565432,GB,away
14.5666666666667,19,0.17648906,GB,away
14.6333333333333,19,0.18745813,GB,away
14.6833333333333,19,0.18766798,GB,away
14.8,19,0.1795256,GB,away
15.0,19,0.1795256,GB,away
15.0,19,0.1721527,GB,away
15.1333333333333,19,0.17576385,GB,away
15.7833333333333,19,0.1837061,GB,away
16.3166666666667,19,0.19858032,GB,away
16.4,19,0.21573794,GB,away
16.9666666666667,19,0.22145104,GB,away
17.0666666666667,19,0.2058755,GB,away
17.3,19,0.19713484,GB,away
17.85,19,0.20828883,GB,away
18.3666666666667,19,0.20009583,GB,away
19.0833333333333,19,0.20872821,GB,away
19.7833333333333,19,0.23627049,GB,away
20.5666666666667,19,0.23688367,GB,away
21.2,19,0.2056756,GB,away
21.9166666666667,19,0.21385615,GB,away
22.6833333333333,19,0.26054683,GB,away
23.4,19,0.24651872,GB,away
23.4833333333333,19,0.2432813,GB,away
24.2166666666667,19,0.21161275,GB,away
24.7166666666667,19,0.18052413,GB,away
24.85,19,0.1409288,GB,away
24.9166666666667,19,0.15639204,GB,away
25.7,19,0.169514,GB,away
25.85,19,0.15971291,GB,away
26.4666666666667,19,0.17977615,GB,away
26.5833333333333,19,0.16273887,GB,away
26.8666666666667,19,0.18017721,GB,away
27.55,19,0.16768776,GB,away
28.0,19,0.17033699,GB,away
28.1333333333333,19,0.18190081,GB,away
28.75,19,0.19711155,GB,away
29.1833333333333,19,0.18504123,GB,away
29.25,19,0.0980013,GB,away
29.4,19,0.09631926,GB,away
29.4833333333333,19,0.11072606,GB,away
29.5666666666667,19,0.13051271,GB,away
29.6333333333333,19,0.13524514,GB,away
29.6333333333333,19,0.14152195,GB,away
30.0,19,0.14671034,GB,away
30.1166666666667,19,0.14982206,GB,away
30.7333333333333,19,0.11783135,GB,away
31.35,19,0.14279485,GB,away
31.9,19,0.16723406,GB,away
32.65,19,0.20144397,GB,away
33.2333333333333,19,0.16744542,GB,away
33.45,19,0.1698591,GB,away
34.0666666666667,19,0.15537757,GB,away
34.8166666666667,19,0.16713433,GB,away
35.45,19,0.16486363,GB,away
36.0,19,0.16212705,GB,away
36.7166666666667,19,0.22130197,GB,away
37.45,19,0.2457119,GB,away
38.0833333333333,19,0.20202498,GB,away
38.2,19,0.18404374,GB,away
38.25,19,0.26282874,GB,away
38.3666666666667,19,0.2470552,GB,away
39.0666666666667,19,0.22620218,GB,away
39.1166666666667,19,0.18750234,GB,away
39.1833333333333,19,0.18572563,GB,away
39.2333333333333,19,0.17005152,GB,away
39.3333333333333,19,0.16883683,GB,away
39.8833333333333,19,0.17326409,GB,away
40.3166666666667,19,0.136845,GB,away
40.8833333333333,19,0.11508298,GB,away
41.5666666666667,19,0.071723536,GB,away
41.6666666666667,19,0.07290659,GB,away
41.6666666666667,19,0.06845772,GB,away
41.7666666666667,19,0.0880634,GB,away
42.3833333333333,19,0.08514671,GB,away
42.9666666666667,19,0.1012647,GB,away
43.3833333333333,19,0.08763145,GB,away
44.0666666666667,19,0.07786824,GB,away
44.1666666666667,19,0.10030276,GB,away
44.8166666666667,19,0.08978246,GB,away
44.8833333333333,19,0.16709001,GB,away
45.0,19,0.16709001,GB,away
45.0,19,0.19452271,GB,away
45.0666666666667,19,0.19598973,GB,away
45.0666666666667,19,0.19091809,GB,away
45.0666666666667,19,0.16257012,GB,away
45.6166666666667,19,0.16722989,GB,away
46.1833333333333,19,0.15557462,GB,away
46.3333333333333,19,0.19454402,GB,away
46.4166666666667,19,0.14848042,GB,away
47.0,19,0.15646791,GB,away
47.4666666666667,19,0.120557845,GB,away
47.9333333333333,19,0.10792732,GB,away
48.6666666666667,19,0.10261017,GB,away
49.2333333333333,19,0.10833007,GB,away
49.75,19,0.10576475,GB,away
50.3833333333333,19,0.1177094,GB,away
50.9166666666667,19,0.108434975,GB,away
50.9166666666667,19,0.1177094,GB,away
51.6666666666667,19,0.104004264,GB,away
52.4,19,0.10480555,GB,away
52.45,19,0.09957104,GB,away
52.45,19,0.11445984,GB,away
53.0166666666667,19,0.0912782,GB,away
53.7,19,0.08470974,GB,away
54.2666666666667,19,0.053720806,GB,away
54.95,19,0.030818045,GB,away
55.0333333333333,19,0.033131063,GB,away
55.1166666666667,19,0.026037455,GB,away
55.2166666666667,19,0.027721584,GB,away
55.2833333333333,19,0.029002547,GB,away
56.0166666666667,19,0.036456168,GB,away
56.75,19,0.036800064,GB,away
56.8,19,0.043075543,GB,away
56.8,19,0.020367121,GB,away
57.25,19,0.018524116,GB,away
57.3833333333333,19,0.011993765,GB,away
57.6,19,0.025136122,GB,away
57.75,19,0.026842806,GB,away
58.0,19,0.003099084,GB,away
58.15,19,0.0019577742,GB,away
58.85,19,0.0017095208,GB,away
0.0,2,0.5524881,GB,home
0.0,2,0.5529867,GB,home
0.5,2,0.57997644,GB,home
1.11666666666667,2,0.5645652,GB,home
1.46666666666667,2,0.55835557,GB,home
1.81666666666667,2,0.6323757,GB,home
2.41666666666666,2,0.6346104,GB,home
2.96666666666667,2,0.6005761,GB,home
3.58333333333334,2,0.55689853,GB,home
4.43333333333333,2,0.5936319,GB,home
4.5,2,0.5867466,GB,home
4.5,2,0.589132,GB,home
5.06666666666667,2,0.6154243,GB,home
5.11666666666667,2,0.63111115,GB,home
5.21666666666667,2,0.6389633,GB,home
5.35,2,0.66945815,GB,home
5.9,2,0.65303224,GB,home
6.45,2,0.6524163,GB,home
7.1,2,0.69188845,GB,home
7.73333333333333,2,0.68434465,GB,home
8.35,2,0.68416613,GB,home
8.96666666666667,2,0.70384115,GB,home
9.6,2,0.7171781,GB,home
10.3333333333333,2,0.6979951,GB,home
10.4333333333333,2,0.68806183,GB,home
10.9666666666667,2,0.7123292,GB,home
11.6166666666667,2,0.7733283,GB,home
11.7,2,0.77350295,GB,home
11.7,2,0.7684766,GB,home
11.7,2,0.7473377,GB,home
12.05,2,0.7455455,GB,home
12.4,2,0.8034113,GB,home
12.5666666666667,2,0.8181001,GB,home
13.2333333333333,2,0.8101915,GB,home
13.8666666666667,2,0.8251692,GB,home
14.4666666666667,2,0.8160086,GB,home
15.0,2,0.8160086,GB,home
15.0,2,0.8159591,GB,home
15.2833333333333,2,0.8399106,GB,home
15.85,2,0.8419264,GB,home
16.4666666666667,2,0.8437567,GB,home
17.1,2,0.88530993,GB,home
17.7833333333333,2,0.7840519,GB,home
17.9,2,0.7992596,GB,home
18.2833333333333,2,0.7992596,GB,home
18.3166666666667,2,0.80016625,GB,home
18.95,2,0.7918922,GB,home
19.4,2,0.8220895,GB,home
19.9666666666667,2,0.820507,GB,home
20.5666666666667,2,0.8129582,GB,home
20.7,2,0.81876314,GB,home
21.3,2,0.8495166,GB,home
21.9666666666667,2,0.8562054,GB,home
22.6,2,0.8507506,GB,home
23.3166666666667,2,0.8539362,GB,home
23.9666666666667,2,0.84312993,GB,home
24.05,2,0.8290573,GB,home
24.75,2,0.8147247,GB,home
25.75,2,0.8099717,GB,home
25.9,2,0.78467697,GB,home
26.3666666666667,2,0.80302054,GB,home
26.9833333333333,2,0.77814186,GB,home
27.6333333333333,2,0.7879039,GB,home
28.0,2,0.8114055,GB,home
28.0666666666667,2,0.822691,GB,home
28.15,2,0.8340539,GB,home
28.3,2,0.83974385,GB,home
28.9,2,0.83695424,GB,home
29.6666666666667,2,0.81775326,GB,home
30.0,2,0.8175479,GB,home
30.0,2,0.8281204,GB,home
30.55,2,0.80653614,GB,home
31.0833333333333,2,0.82313746,GB,home
31.1333333333333,2,0.8514441,GB,home
31.85,2,0.842336,GB,home
32.6,2,0.89175117,GB,home
32.6666666666667,2,0.87796926,GB,home
33.2666666666667,2,0.86884725,GB,home
33.8166666666667,2,0.9022611,GB,home
34.5,2,0.89351827,GB,home
35.1333333333333,2,0.88588893,GB,home
35.7833333333333,2,0.89165914,GB,home
36.5166666666667,2,0.90976995,GB,home
36.5833333333333,2,0.8953728,GB,home
36.5833333333333,2,0.88845164,GB,home
37.1666666666667,2,0.89160794,GB,home
37.6,2,0.84991395,GB,home
38.3166666666667,2,0.85910314,GB,home
38.9,2,0.87740266,GB,home
39.6,2,0.8940531,GB,home
40.4,2,0.86544657,GB,home
40.4666666666667,2,0.869187,GB,home
40.4666666666667,2,0.84564424,GB,home
41.25,2,0.8309281,GB,home
41.9,2,0.83213276,GB,home
42.2166666666667,2,0.8116719,GB,home
42.9333333333333,2,0.86369383,GB,home
43.0666666666667,2,0.84184426,GB,home
43.8333333333333,2,0.8060599,GB,home
44.25,2,0.7977615,GB,home
44.7333333333333,2,0.79824287,GB,home
45.0,2,0.79824287,GB,home
45.0,2,0.8606136,GB,home
45.7333333333333,2,0.9165831,GB,home
45.8,2,0.9125311,GB,home
46.3333333333333,2,0.9103217,GB,home
46.9166666666667,2,0.9418008,GB,home
47.6666666666667,2,0.9385418,GB,home
48.2833333333333,2,0.92962027,GB,home
49.0166666666667,2,0.9171883,GB,home
49.1,2,0.9488259,GB,home
49.1666666666667,2,0.94025123,GB,home
49.1666666666667,2,0.92871666,GB,home
49.5166666666667,2,0.9362519,GB,home
49.6166666666667,2,0.97585684,GB,home
49.6833333333333,2,0.9732761,GB,home
50.2833333333333,2,0.9801947,GB,home
50.9166666666667,2,0.970509,GB,home
51.55,2,0.98815197,GB,home
52.2333333333333,2,0.987123,GB,home
52.95,2,0.988617,GB,home
53.65,2,0.99548376,GB,home
54.2333333333333,2,0.99459225,GB,home
54.9666666666667,2,0.9941531,GB,home
55.0333333333333,2,0.9929315,GB,home
55.75,2,0.96067196,GB,home
55.8333333333333,2,0.97044533,GB,home
56.2333333333333,2,0.95825016,GB,home
56.5833333333333,2,0.96921337,GB,home
56.6833333333333,2,0.9649549,GB,home
57.0666666666667,2,0.9696662,GB,home
57.1333333333333,2,0.9748926,GB,home
57.5833333333333,2,0.9670024,GB,home
57.7166666666667,2,0.96742564,GB,home
57.8166666666667,2,0.9734934,GB,home
57.8833333333333,2,0.98251426,GB,home
58.0,2,0.986876,GB,home
58.0,2,0.96931463,GB,home
58.1166666666667,2,0.9787192,GB,home
58.2166666666667,2,0.97810715,GB,home
58.2166666666667,2,0.98334646,GB,home
58.2333333333333,2,0.97846496,GB,home
58.3166666666667,2,0.984994,GB,home
58.4166666666667,2,0.9839512,GB,home
59.1833333333333,2,0.98308784,GB,home
59.1833333333333,2,0.94124806,GB,home
59.2833333333333,2,0.933065,GB,home
59.55,2,0.94463354,GB,home
59.5666666666667,2,0.9514473,GB,home
59.6666666666667,2,0.93307024,GB,home
59.85,2,0.93732584,GB,home
59.9166666666667,2,1.0,GB,home
60.0,2,1.0,GB,home
0.0,4,0.566792,GB,home
0.100000000000001,4,0.5732057,GB,home
0.75,4,0.537573,GB,home
1.45,4,0.5557463,GB,home
2.15,4,0.5877416,GB,home
2.28333333333333,4,0.6060581,GB,home
2.28333333333333,4,0.45412225,GB,home
3.01666666666667,4,0.38760528,GB,home
3.11666666666667,4,0.38586947,GB,home
3.11666666666667,4,0.3946746,GB,home
3.11666666666667,4,0.42390984,GB,home
3.81666666666667,4,0.41996846,GB,home
4.43333333333333,4,0.41671166,GB,home
5.06666666666667,4,0.43451205,GB,home
5.71666666666667,4,0.41290835,GB,home
6.33333333333334,4,0.4866816,GB,home
7.08333333333334,4,0.47261128,GB,home
7.8,4,0.44916505,GB,home
8.06666666666667,4,0.4128631,GB,home
8.13333333333333,4,0.34034544,GB,home
8.21666666666667,4,0.2880882,GB,home
8.56666666666667,4,0.29158145,GB,home
9.23333333333333,4,0.28856105,GB,home
9.5,4,0.28475136,GB,home
10.2166666666667,4,0.25731677,GB,home
10.95,4,0.27807027,GB,home
11.1833333333333,4,0.26938832,GB,home
11.8,4,0.2484473,GB,home
12.5166666666667,4,0.20962465,GB,home
12.5833333333333,4,0.20962465,GB,home
12.6833333333333,4,0.21262634,GB,home
13.3166666666667,4,0.20157011,GB,home
13.3833333333333,4,0.20157011,GB,home
13.3833333333333,4,0.2075913,GB,home
13.3833333333333,4,0.18283875,GB,home
13.9833333333333,4,0.1797839,GB,home
14.6166666666667,4,0.13623959,GB,home
14.6666666666667,4,0.13166863,GB,home
15.0,4,0.13166863,GB,home
15.0,4,0.12937498,GB,home
15.4166666666667,4,0.11811632,GB,home
15.95,4,0.11399132,GB,home
16.6166666666667,4,0.11489999,GB,home
17.3166666666667,4,0.111572385,GB,home
18.1,4,0.09667192,GB,home
18.1666666666667,4,0.09679468,GB,home
18.1666666666667,4,0.09761715,GB,home
18.1666666666667,4,0.112707324,GB,home
18.8,4,0.09907827,GB,home
19.5,4,0.10523455,GB,home
20.15,4,0.1414688,GB,home
20.25,4,0.13475874,GB,home
20.9666666666667,4,0.10393222,GB,home
21.7666666666667,4,0.0919971,GB,home
21.85,4,0.06985837,GB,home
21.9333333333333,4,0.07552534,GB,home
22.0333333333333,4,0.08119136,GB,home
22.7666666666667,4,0.0949195,GB,home
22.85,4,0.08084618,GB,home
22.9833333333333,4,0.08076347,GB,home
23.3,4,0.08657254,GB,home
23.9166666666667,4,0.05372733,GB,home
24.0833333333333,4,0.05886674,GB,home
24.4666666666667,4,0.0041557443,GB,home
24.5333333333333,4,0.0041557443,GB,home
24.5333333333333,4,0.0045565832,GB,home
24.5333333333333,4,0.0050459215,GB,home
24.6333333333333,4,0.004545682,GB,home
24.7,4,0.005222558,GB,home
25.4166666666667,4,0.005343474,GB,home
26.1,4,0.0071214284,GB,home
26.7833333333333,4,0.005652139,GB,home
27.1333333333333,4,0.00536667,GB,home
27.55,4,0.006141325,GB,home
27.6166666666667,4,0.005396036,GB,home
27.7333333333333,4,0.0049447753,GB,home
27.8166666666667,4,0.0073985457,GB,home
27.95,4,0.007379949,GB,home
28.0166666666667,4,0.004490733,GB,home
28.65,4,0.005363047,GB,home
28.7166666666667,4,0.0055196453,GB,home
28.8166666666667,4,0.006238344,GB,home
28.8833333333333,4,0.0066244705,GB,home
29.0333333333333,4,0.007402797,GB,home
29.1666666666667,4,0.013250768,GB,home
29.35,4,0.008341756,GB,home
29.6666666666667,4,0.059515413,GB,home
29.75,4,0.06227261,GB,home
29.75,4,0.0660125,GB,home
30.0,4,0.08686729,GB,home
30.0,4,0.07878435,GB,home
30.5333333333333,4,0.07837417,GB,home
30.95,4,0.06258434,GB,home
31.0,4,0.04957533,GB,home
31.1166666666667,4,0.05092621,GB,home
31.7333333333333,4,0.058044612,GB,home
31.8333333333333,4,0.03637135,GB,home
32.5333333333333,4,0.03344512,GB,home
33.1,4,0.025989175,GB,home
33.8333333333333,4,0.024445236,GB,home
34.6,4,0.04300681,GB,home
34.7,4,0.04327688,GB,home
35.3666666666667,4,0.039424025,GB,home
35.4666666666667,4,0.025304183,GB,home
35.5333333333333,4,0.02892983,GB,home
35.7333333333333,4,0.02553022,GB,home
36.3666666666667,4,0.029686928,GB,home
37.05,4,0.031537294,GB,home
37.7666666666667,4,0.037055194,GB,home
38.4166666666667,4,0.043711398,GB,home
38.5333333333333,4,0.048281766,GB,home
38.9666666666667,4,0.047547657,GB,home
39.2833333333333,4,0.040484123,GB,home
39.6833333333333,4,0.028697554,GB,home
40.0333333333333,4,0.046925727,GB,home
40.7666666666667,4,0.030903531,GB,home
41.1666666666667,4,0.02672299,GB,home
41.3,4,0.02253034,GB,home
41.35,4,0.021181094,GB,home
41.8,4,0.013938308,GB,home
41.9666666666667,4,0.015055954,GB,home
42.6333333333333,4,0.016236067,GB,home
42.9166666666667,4,0.013458133,GB,home
43.5833333333333,4,0.019504607,GB,home
44.3166666666667,4,0.014915427,GB,home
44.45,4,0.0174671,GB,home
44.85,4,0.020974338,GB,home
45.0,4,0.020974338,GB,home
45.0,4,0.01971882,GB,home
45.0833333333333,4,0.017589023,GB,home
45.45,4,0.014214686,GB,home
45.8666666666667,4,0.022634804,GB,home
46.3333333333333,4,0.021861773,GB,home
47.0,4,0.023746828,GB,home
47.4166666666667,4,0.023498574,GB,home
48.1833333333333,4,0.020911183,GB,home
48.3,4,0.027998148,GB,home
48.3666666666667,4,0.028663695,GB,home
48.3666666666667,4,0.02823484,GB,home
48.3666666666667,4,0.034505963,GB,home
49.1666666666667,4,0.100441515,GB,home
49.2833333333333,4,0.09893413,GB,home
49.6333333333333,4,0.1360237,GB,home
49.7333333333333,4,0.16879815,GB,home
49.7333333333333,4,0.1654616,GB,home
49.7333333333333,4,0.13453168,GB,home
50.4,4,0.11318785,GB,home
51.1,4,0.08173901,GB,home
51.6166666666667,4,0.07035488,GB,home
52.3,4,0.092009544,GB,home
53.0333333333333,4,0.106698334,GB,home
53.1166666666667,4,0.10698293,GB,home
53.1666666666667,4,0.1188047,GB,home
53.1666666666667,4,0.16042337,GB,home
53.6666666666667,4,0.05350387,GB,home
53.7833333333333,4,0.05374533,GB,home
54.5166666666667,4,0.049263656,GB,home
55.2666666666667,4,0.074254036,GB,home
55.3333333333333,4,0.077745125,GB,home
55.4833333333333,4,0.06683992,GB,home
55.55,4,0.031488776,GB,home
55.7,4,0.03832811,GB,home
55.8,4,0.047332942,GB,home
55.8666666666667,4,0.025695384,GB,home
55.9333333333333,4,0.021024406,GB,home
56.7166666666667,4,0.023025572,GB,home
56.8166666666667,4,0.014133811,GB,home
56.8833333333333,4,0.015235603,GB,home
57.65,4,0.027273256,GB,home
57.7,4,0.024724832,GB,home
57.9833333333333,4,0.02180057,GB,home
58.0666666666667,4,0.021409051,GB,home
58.4166666666667,4,0.04771576,GB,home
58.9666666666667,4,0.06496365,GB,home
59.0666666666667,4,0.06588042,GB,home
59.0666666666667,4,0.045179307,GB,home
0.0,6,0.5524881,GB,home
0.0,6,0.56744397,GB,home
0.0,6,0.5781684,GB,home
0.583333333333336,6,0.57257336,GB,home
1.06666666666667,6,0.5545366,GB,home
1.13333333333333,6,0.5401673,GB,home
1.83333333333334,6,0.49289498,GB,home
1.91666666666666,6,0.52850306,GB,home
2.03333333333333,6,0.54601204,GB,home
2.71666666666667,6,0.573064,GB,home
3.28333333333333,6,0.5927816,GB,home
3.33333333333334,6,0.58444667,GB,home
3.56666666666667,6,0.63348156,GB,home
4.28333333333333,6,0.65123767,GB,home
4.5,6,0.68421817,GB,home
5.18333333333333,6,0.67215335,GB,home
5.93333333333333,6,0.65557736,GB,home
6.0,6,0.69751567,GB,home
6.08333333333334,6,0.69929546,GB,home
6.08333333333334,6,0.6870374,GB,home
6.18333333333333,6,0.6617543,GB,home
6.75,6,0.65786743,GB,home
7.4,6,0.6676351,GB,home
8.06666666666667,6,0.6894239,GB,home
8.11666666666667,6,0.71454406,GB,home
8.2,6,0.7419405,GB,home
8.38333333333333,6,0.77682436,GB,home
9.1,6,0.76385194,GB,home
9.75,6,0.79202735,GB,home
10.4666666666667,6,0.77968794,GB,home
10.5666666666667,6,0.7820855,GB,home
11.2166666666667,6,0.8096768,GB,home
11.9,6,0.8067944,GB,home
12.6166666666667,6,0.8266479,GB,home
13.2833333333333,6,0.82824993,GB,home
14.0,6,0.8033928,GB,home
14.3166666666667,6,0.8007093,GB,home
14.9666666666667,6,0.8230132,GB,home
15.0,6,0.84750634,GB,home
15.0833333333333,6,0.84750634,GB,home
15.0833333333333,6,0.84379065,GB,home
15.0833333333333,6,0.84445226,GB,home
15.6833333333333,6,0.8541969,GB,home
16.4,6,0.8687056,GB,home
16.5333333333333,6,0.8859996,GB,home
16.6666666666667,6,0.8849525,GB,home
17.4,6,0.90577745,GB,home
17.8166666666667,6,0.90122056,GB,home
18.55,6,0.906222,GB,home
19.2,6,0.9043974,GB,home
19.95,6,0.900865,GB,home
20.6,6,0.88272846,GB,home
21.2666666666667,6,0.912068,GB,home
21.9,6,0.9131771,GB,home
22.6,6,0.91430646,GB,home
23.3166666666667,6,0.9000204,GB,home
23.4,6,0.89198285,GB,home
23.4666666666667,6,0.8929708,GB,home
23.5333333333333,6,0.90211225,GB,home
23.5833333333333,6,0.9010646,GB,home
24.35,6,0.9120425,GB,home
24.8666666666667,6,0.91501385,GB,home
25.1,6,0.937654,GB,home
25.35,6,0.96969056,GB,home
25.4666666666667,6,0.96969056,GB,home
25.4666666666667,6,0.9690967,GB,home
25.5666666666667,6,0.9717335,GB,home
26.2166666666667,6,0.96753216,GB,home
26.7166666666667,6,0.96753216,GB,home
26.9166666666667,6,0.96378386,GB,home
27.7333333333333,6,0.96595937,GB,home
28.0,6,0.9262416,GB,home
28.0666666666667,6,0.9258286,GB,home
28.0666666666667,6,0.92487746,GB,home
28.1666666666667,6,0.9221581,GB,home
28.7166666666667,6,0.9256581,GB,home
28.7833333333333,6,0.93254614,GB,home
28.8666666666667,6,0.88758427,GB,home
28.9333333333333,6,0.8912092,GB,home
29.0333333333333,6,0.91325295,GB,home
29.1333333333333,6,0.8988016,GB,home
29.4,6,0.87886214,GB,home
29.5166666666667,6,0.8992608,GB,home
29.5833333333333,6,0.8986646,GB,home
29.6666666666667,6,0.9036847,GB,home
29.7166666666667,6,0.90005606,GB,home
29.8,6,0.9201,GB,home
29.8833333333333,6,0.91136676,GB,home
29.9333333333333,6,0.89322996,GB,home
30.0,6,0.8993235,GB,home
30.1,6,0.9088624,GB,home
30.7333333333333,6,0.89252245,GB,home
31.5,6,0.8967024,GB,home
32.2333333333333,6,0.88216215,GB,home
32.9166666666667,6,0.8526283,GB,home
33.65,6,0.874981,GB,home
33.9666666666667,6,0.8821285,GB,home
34.5666666666667,6,0.8881146,GB,home
35.05,6,0.8571856,GB,home
35.8,6,0.89125025,GB,home
35.8833333333333,6,0.8893605,GB,home
35.95,6,0.89251876,GB,home
35.95,6,0.8986652,GB,home
36.7166666666667,6,0.8803408,GB,home
37.2166666666667,6,0.9035385,GB,home
37.6666666666667,6,0.9141972,GB,home
38.3166666666667,6,0.905432,GB,home
39.0333333333333,6,0.91852283,GB,home
39.7166666666667,6,0.92357385,GB,home
40.2333333333333,6,0.91992456,GB,home
40.3,6,0.9251359,GB,home
41.1,6,0.9665533,GB,home
41.2,6,0.9673036,GB,home
41.2,6,0.9673036,GB,home
41.3,6,0.9698921,GB,home
41.9166666666667,6,0.9873232,GB,home
42.05,6,0.98540306,GB,home
42.1,6,0.9839279,GB,home
42.1666666666667,6,0.98110116,GB,home
42.85,6,0.96586156,GB,home
42.9333333333333,6,0.9758699,GB,home
43.3833333333333,6,0.97266525,GB,home
43.7166666666667,6,0.97097546,GB,home
44.0166666666667,6,0.9685215,GB,home
44.3166666666667,6,0.9719192,GB,home
44.65,6,0.98663354,GB,home
44.8,6,0.9856668,GB,home
45.0,6,0.9856668,GB,home
45.0,6,0.98627996,GB,home
45.6833333333333,6,0.98976433,GB,home
46.1833333333333,6,0.9882853,GB,home
46.8,6,0.98999035,GB,home
47.0833333333333,6,0.98999035,GB,home
47.15,6,0.9939401,GB,home
47.7833333333333,6,0.9936923,GB,home
48.45,6,0.99273235,GB,home
48.45,6,0.99683857,GB,home
48.9333333333333,6,0.9962543,GB,home
49.6333333333333,6,0.9968172,GB,home
50.3666666666667,6,0.9947758,GB,home
50.4666666666667,6,0.9944363,GB,home
50.5333333333333,6,0.9944363,GB,home
50.6166666666667,6,0.9952199,GB,home
50.9666666666667,6,0.99788356,GB,home
51.3166666666667,6,0.9974792,GB,home
51.6166666666667,6,0.99744636,GB,home
51.75,6,0.99771,GB,home
51.8166666666667,6,0.99749273,GB,home
52.2,6,0.99833703,GB,home
52.7166666666667,6,0.99825734,GB,home
53.1166666666667,6,0.9976675,GB,home
53.4833333333333,6,0.99778235,GB,home
53.8,6,0.99791735,GB,home
54.2833333333333,6,0.9993949,GB,home
54.3833333333333,6,0.9992423,GB,home
55.1833333333333,6,0.9994444,GB,home
55.3,6,0.9994223,GB,home
55.4166666666667,6,0.99964345,GB,home
56.1833333333333,6,0.99951494,GB,home
56.9,6,0.99971634,GB,home
57.6666666666667,6,0.9997079,GB,home
58.0,6,0.99986243,GB,home
0.0,7,0.5418533,GB,home
0.100000000000001,7,0.57997644,GB,home
0.666666666666664,7,0.5671919,GB,home
1.38333333333333,7,0.56832415,GB,home
2.01666666666667,7,0.37574518,GB,home
2.2,7,0.38792545,GB,home
2.83333333333334,7,0.41189867,GB,home
2.96666666666667,7,0.39621705,GB,home
3.05,7,0.43949735,GB,home
3.15,7,0.44163492,GB,home
3.2,7,0.44163492,GB,home
3.2,7,0.43556738,GB,home
3.81666666666667,7,0.40606612,GB,home
4.45,7,0.4016727,GB,home
5.21666666666667,7,0.42125714,GB,home
5.35,7,0.3442409,GB,home
6.01666666666667,7,0.39997733,GB,home
6.63333333333333,7,0.34647667,GB,home
7.08333333333334,7,0.3006069,GB,home
7.71666666666667,7,0.31156713,GB,home
8.36666666666667,7,0.33493018,GB,home
9.05,7,0.38495505,GB,home
9.76666666666667,7,0.4116757,GB,home
9.9,7,0.41532075,GB,home
10.45,7,0.43657765,GB,home
11.1166666666667,7,0.46485284,GB,home
11.8333333333333,7,0.45136648,GB,home
12.4833333333333,7,0.47285753,GB,home
13.1666666666667,7,0.45343786,GB,home
13.25,7,0.44901973,GB,home
13.85,7,0.5287638,GB,home
14.6166666666667,7,0.47294566,GB,home
15.0,7,0.47294566,GB,home
15.0,7,0.55909854,GB,home
15.4166666666667,7,0.5418661,GB,home
16.0833333333333,7,0.5434783,GB,home
16.6666666666667,7,0.6191658,GB,home
16.7333333333333,7,0.6211628,GB,home
16.7333333333333,7,0.6144409,GB,home
16.7333333333333,7,0.6303,GB,home
16.8,7,0.65549827,GB,home
17.2,7,0.6838689,GB,home
17.3166666666667,7,0.48486656,GB,home
17.5166666666667,7,0.46996588,GB,home
18.0666666666667,7,0.43436363,GB,home
18.1333333333333,7,0.4315506,GB,home
18.1333333333333,7,0.4377308,GB,home
18.1333333333333,7,0.43876448,GB,home
18.7166666666667,7,0.4265849,GB,home
19.3833333333333,7,0.457694,GB,home
20.1833333333333,7,0.42064568,GB,home
20.8666666666667,7,0.52972984,GB,home
20.9833333333333,7,0.5130105,GB,home
21.05,7,0.62418824,GB,home
21.15,7,0.62653375,GB,home
21.15,7,0.5919628,GB,home
21.3166666666667,7,0.561839,GB,home
21.8833333333333,7,0.5662112,GB,home
22.5,7,0.5549607,GB,home
23.1333333333333,7,0.5609911,GB,home
23.8333333333333,7,0.52507854,GB,home
24.5,7,0.5391142,GB,home
24.6,7,0.5898928,GB,home
25.35,7,0.6247655,GB,home
25.4333333333333,7,0.6011953,GB,home
25.5,7,0.6205794,GB,home
25.6,7,0.47803175,GB,home
25.7,7,0.4654377,GB,home
26.3,7,0.3762864,GB,home
26.95,7,0.39149314,GB,home
27.6666666666667,7,0.3838951,GB,home
28.0,7,0.361417,GB,home
28.7333333333333,7,0.31239766,GB,home
28.7833333333333,7,0.33536392,GB,home
28.7833333333333,7,0.34099296,GB,home
28.7833333333333,7,0.3863807,GB,home
29.1166666666667,7,0.27200815,GB,home
29.5333333333333,7,0.24040094,GB,home
29.65,7,0.29694045,GB,home
30.0,7,0.29926544,GB,home
30.0,7,0.3244869,GB,home
30.7166666666667,7,0.29638654,GB,home
31.3833333333333,7,0.38452327,GB,home
32.0333333333333,7,0.36245358,GB,home
32.2166666666667,7,0.361084,GB,home
32.85,7,0.40186605,GB,home
33.4833333333333,7,0.38324228,GB,home
34.1,7,0.3952449,GB,home
34.7666666666667,7,0.4892347,GB,home
35.5,7,0.4725093,GB,home
36.1,7,0.526155,GB,home
36.8166666666667,7,0.5048969,GB,home
37.4833333333333,7,0.58714426,GB,home
37.5833333333333,7,0.5897397,GB,home
37.5833333333333,7,0.583928,GB,home
37.5833333333333,7,0.60277283,GB,home
37.65,7,0.5771415,GB,home
37.8833333333333,7,0.60359824,GB,home
38.0166666666667,7,0.6421932,GB,home
38.0666666666667,7,0.6534211,GB,home
38.2666666666667,7,0.6712129,GB,home
38.75,7,0.6725621,GB,home
39.45,7,0.6218611,GB,home
40.1666666666667,7,0.5870129,GB,home
40.4166666666667,7,0.60849786,GB,home
40.9833333333333,7,0.55999875,GB,home
41.6833333333333,7,0.51126355,GB,home
42.2833333333333,7,0.5112533,GB,home
42.9833333333333,7,0.5566876,GB,home
43.0666666666667,7,0.66585255,GB,home
43.7833333333333,7,0.70093524,GB,home
43.9,7,0.6727414,GB,home
44.5666666666667,7,0.6878583,GB,home
45.0,7,0.6878583,GB,home
45.0,7,0.6086679,GB,home
45.6333333333333,7,0.5813448,GB,home
45.8833333333333,7,0.6119408,GB,home
46.3666666666667,7,0.60671693,GB,home
46.8,7,0.54152787,GB,home
47.5333333333333,7,0.5675179,GB,home
48.2,7,0.6604384,GB,home
48.9166666666667,7,0.67414886,GB,home
49.7333333333333,7,0.7145521,GB,home
49.8333333333333,7,0.6923626,GB,home
50.2,7,0.67709637,GB,home
50.3166666666667,7,0.62722427,GB,home
51.0666666666667,7,0.62469137,GB,home
51.65,7,0.5810636,GB,home
51.8166666666667,7,0.5257554,GB,home
52.45,7,0.52218217,GB,home
53.1666666666667,7,0.54213864,GB,home
53.8,7,0.50339043,GB,home
53.8666666666667,7,0.47302288,GB,home
54.5166666666667,7,0.51285464,GB,home
55.1666666666667,7,0.40478885,GB,home
55.8666666666667,7,0.45333332,GB,home
56.4666666666667,7,0.4750998,GB,home
57.3,7,0.3714463,GB,home
58.0,7,0.4250098,GB,home
58.0666666666667,7,0.46833104,GB,home
58.1333333333333,7,0.54308116,GB,home
58.2,7,0.5120321,GB,home
58.2666666666667,7,0.5201499,GB,home
58.2666666666667,7,0.49034956,GB,home
58.35,7,0.4865021,GB,home
58.4333333333333,7,0.55974203,GB,home
58.95,7,0.5194146,GB,home
59.0,7,0.612076,GB,home
59.55,7,0.6818359,GB,home
59.65,7,0.64331615,GB,home
59.75,7,0.64827454,GB,home
59.95,7,1.0,GB,home
60.0,7,1.0,GB,home
0.0,9,0.5462618,GB,home
0.06666666666667,9,0.5810449,GB,home
0.716666666666669,9,0.57997644,GB,home
1.31666666666667,9,0.57954806,GB,home
1.95,9,0.56832415,GB,home
2.73333333333333,9,0.50911844,GB,home
3.23333333333333,9,0.58444667,GB,home
3.93333333333333,9,0.5764964,GB,home
4.21666666666667,9,0.5584975,GB,home
4.26666666666667,9,0.6467203,GB,home
4.86666666666667,9,0.6323751,GB,home
5.56666666666667,9,0.6597327,GB,home
6.33333333333334,9,0.6456265,GB,home
7.03333333333333,9,0.64591914,GB,home
7.76666666666667,9,0.596348,GB,home
7.85,9,0.5903461,GB,home
7.9,9,0.5834441,GB,home
7.9,9,0.5636356,GB,home
8.46666666666667,9,0.56228113,GB,home
9.06666666666667,9,0.57140654,GB,home
9.7,9,0.52085257,GB,home
10.15,9,0.5094449,GB,home
10.7666666666667,9,0.4577117,GB,home
11.35,9,0.46260148,GB,home
11.9333333333333,9,0.48298144,GB,home
12.6333333333333,9,0.4446128,GB,home
13.2833333333333,9,0.46153992,GB,home
13.9833333333333,9,0.48644692,GB,home
14.6833333333333,9,0.5155115,GB,home
15.0,9,0.5155115,GB,home
15.0,9,0.38486913,GB,home
15.0666666666667,9,0.38148612,GB,home
15.0666666666667,9,0.38148612,GB,home
15.1833333333333,9,0.46189997,GB,home
15.9,9,0.46662754,GB,home
16.5833333333333,9,0.45600963,GB,home
17.2666666666667,9,0.42969957,GB,home
17.6166666666667,9,0.3853046,GB,home
17.7166666666667,9,0.35467023,GB,home
17.7166666666667,9,0.3681128,GB,home
17.85,9,0.3580861,GB,home
18.4166666666667,9,0.35334855,GB,home
19.05,9,0.37049097,GB,home
19.6833333333333,9,0.419751,GB,home
20.4833333333333,9,0.38222757,GB,home
20.6833333333333,9,0.3800781,GB,home
21.4,9,0.40843087,GB,home
22.0333333333333,9,0.4332746,GB,home
22.6666666666667,9,0.42191488,GB,home
23.3,9,0.40298796,GB,home
23.35,9,0.3785447,GB,home
23.7,9,0.3785447,GB,home
23.8333333333333,9,0.479196,GB,home
23.8333333333333,9,0.49787003,GB,home
24.4,9,0.47339186,GB,home
24.4833333333333,9,0.4166144,GB,home
24.5333333333333,9,0.31729978,GB,home
24.6166666666667,9,0.24886763,GB,home
25.25,9,0.2567973,GB,home
25.85,9,0.26659906,GB,home
26.5666666666667,9,0.24658215,GB,home
27.25,9,0.22802466,GB,home
28.0,9,0.22962958,GB,home
28.8,9,0.23713976,GB,home
28.8833333333333,9,0.24212897,GB,home
28.95,9,0.27274066,GB,home
28.9833333333333,9,0.28387284,GB,home
29.0333333333333,9,0.28901345,GB,home
29.0333333333333,9,0.32778794,GB,home
29.3,9,0.13859801,GB,home
29.4666666666667,9,0.13844444,GB,home
29.4666666666667,9,0.14147174,GB,home
29.4666666666667,9,0.11762857,GB,home
29.6166666666667,9,0.1135802,GB,home
29.7666666666667,9,0.10481614,GB,home
30.0,9,0.10481614,GB,home
30.1166666666667,9,0.091290295,GB,home
30.75,9,0.09213877,GB,home
31.3666666666667,9,0.09332067,GB,home
32.05,9,0.089882135,GB,home
32.4,9,0.089882135,GB,home
32.45,9,0.07394779,GB,home
33.1833333333333,9,0.06703669,GB,home
33.9166666666667,9,0.06719178,GB,home
34.5666666666667,9,0.059398055,GB,home
35.3166666666667,9,0.0637176,GB,home
35.4,9,0.06022444,GB,home
35.4666666666667,9,0.060590174,GB,home
35.4666666666667,9,0.065796144,GB,home
35.4666666666667,9,0.063627675,GB,home
36.05,9,0.060226515,GB,home
36.75,9,0.045047913,GB,home
36.8166666666667,9,0.03622079,GB,home
36.9333333333333,9,0.039322376,GB,home
37.5166666666667,9,0.03970492,GB,home
38.2833333333333,9,0.02714324,GB,home
38.9333333333333,9,0.044395722,GB,home
39.05,9,0.02848334,GB,home
39.7666666666667,9,0.041164503,GB,home
40.3166666666667,9,0.046657283,GB,home
40.8833333333333,9,0.03859068,GB,home
41.6333333333333,9,0.03737636,GB,home
41.9166666666667,9,0.03703386,GB,home
42.65,9,0.032990467,GB,home
42.7166666666667,9,0.027485829,GB,home
43.4833333333333,9,0.019425338,GB,home
44.1333333333333,9,0.017156541,GB,home
44.2,9,0.016248405,GB,home
44.3,9,0.021478415,GB,home
45.0,9,0.021478415,GB,home
45.0,9,0.021891594,GB,home
45.6833333333333,9,0.03319049,GB,home
45.7666666666667,9,0.022054164,GB,home
45.8833333333333,9,0.028737135,GB,home
46.5833333333333,9,0.023503657,GB,home
46.5833333333333,9,0.020041494,GB,home
46.6833333333333,9,0.018135697,GB,home
46.7833333333333,9,0.018894102,GB,home
47.5,9,0.03035149,GB,home
48.0,9,0.024692763,GB,home
48.65,9,0.030298246,GB,home
49.15,9,0.037025366,GB,home
49.6166666666667,9,0.032998893,GB,home
49.8,9,0.020529633,GB,home
49.8833333333333,9,0.0060989857,GB,home
49.95,9,0.008463383,GB,home
50.5833333333333,9,0.0068697333,GB,home
51.2,9,0.0026766658,GB,home
51.8333333333333,9,0.0064656734,GB,home
52.55,9,0.0073096156,GB,home
52.6666666666667,9,0.0023829937,GB,home
53.4666666666667,9,0.0046595065,GB,home
53.6333333333333,9,0.0041794153,GB,home
54.05,9,0.0052423514,GB,home
54.4166666666667,9,0.0025657597,GB,home
54.9666666666667,9,0.002344718,GB,home
55.05,9,0.0024268506,GB,home
55.4833333333333,9,0.0065300213,GB,home
55.5666666666667,9,0.008054178,GB,home
55.7,9,0.008342848,GB,home
56.1333333333333,9,0.014596073,GB,home
56.1833333333333,9,0.018820822,GB,home
56.1833333333333,9,0.015671372,GB,home
56.1833333333333,9,0.015114546,GB,home
56.3,9,0.012515843,GB,home
57.1,9,0.0042202473,GB,home
57.85,9,0.0031539798,GB,home
57.95,9,0.002308607,GB,home
0.0,12,0.5663902,GB,home
0.06666666666667,12,0.5482983,GB,home
0.116666666666667,12,0.58444667,GB,home
0.833333333333336,12,0.56653154,GB,home
1.46666666666667,12,0.6323757,GB,home
2.15,12,0.6177924,GB,home
2.8,12,0.5981009,GB,home
3.51666666666667,12,0.65154755,GB,home
4.1,12,0.66748285,GB,home
4.78333333333333,12,0.65294015,GB,home
5.56666666666667,12,0.6681716,GB,home
6.26666666666667,12,0.64409935,GB,home
6.73333333333333,12,0.6622469,GB,home
7.3,12,0.69602805,GB,home
7.41666666666666,12,0.6978256,GB,home
7.41666666666666,12,0.6864918,GB,home
7.5,12,0.66676235,GB,home
8.16666666666666,12,0.68212986,GB,home
8.41666666666666,12,0.69849086,GB,home
9.08333333333334,12,0.7175683,GB,home
9.95,12,0.7419405,GB,home
10.0833333333333,12,0.7317194,GB,home
10.6666666666667,12,0.7424484,GB,home
11.3666666666667,12,0.7531762,GB,home
12.0333333333333,12,0.78006256,GB,home
12.4833333333333,12,0.77675664,GB,home
13.2166666666667,12,0.8016921,GB,home
13.8666666666667,12,0.7897296,GB,home
14.6,12,0.7668286,GB,home
14.6833333333333,12,0.74012744,GB,home
14.7333333333333,12,0.7744177,GB,home
14.8166666666667,12,0.7694056,GB,home
14.8166666666667,12,0.7936828,GB,home
15.0,12,0.7955555,GB,home
15.6666666666667,12,0.81462634,GB,home
15.7333333333333,12,0.81158364,GB,home
16.3333333333333,12,0.7947108,GB,home
16.5166666666667,12,0.8030102,GB,home
17.05,12,0.81943405,GB,home
17.6666666666667,12,0.78685504,GB,home
17.8333333333333,12,0.85291785,GB,home
18.5833333333333,12,0.84347725,GB,home
18.6833333333333,12,0.83013254,GB,home
19.4333333333333,12,0.8621451,GB,home
20.1166666666667,12,0.8545806,GB,home
20.7666666666667,12,0.8485782,GB,home
21.45,12,0.887542,GB,home
22.1166666666667,12,0.8903517,GB,home
22.5833333333333,12,0.8903517,GB,home
22.75,12,0.8903517,GB,home
22.75,12,0.9139514,GB,home
23.3833333333333,12,0.90542346,GB,home
23.45,12,0.9057281,GB,home
23.45,12,0.9032691,GB,home
23.5333333333333,12,0.88698167,GB,home
24.1833333333333,12,0.8965754,GB,home
24.2833333333333,12,0.9020387,GB,home
24.8833333333333,12,0.910553,GB,home
25.1666666666667,12,0.8906981,GB,home
25.6666666666667,12,0.8677417,GB,home
26.4333333333333,12,0.8853572,GB,home
27.1666666666667,12,0.88265526,GB,home
27.8166666666667,12,0.8907215,GB,home
28.0,12,0.8766203,GB,home
28.0833333333333,12,0.8782332,GB,home
28.8333333333333,12,0.8864933,GB,home
28.9166666666667,12,0.83746123,GB,home
28.9666666666667,12,0.83583283,GB,home
28.9666666666667,12,0.83925486,GB,home
28.9666666666667,12,0.86222255,GB,home
29.2666666666667,12,0.8604851,GB,home
29.4,12,0.8500781,GB,home
29.5,12,0.836508,GB,home
29.6166666666667,12,0.8220228,GB,home
29.75,12,0.80870354,GB,home
30.0,12,0.8203869,GB,home
30.2,12,0.815037,GB,home
30.6,12,0.8141537,GB,home
31.2333333333333,12,0.8201556,GB,home
31.9166666666667,12,0.7874858,GB,home
32.6333333333333,12,0.80532724,GB,home
32.7166666666667,12,0.83168167,GB,home
33.4333333333333,12,0.83982074,GB,home
34.15,12,0.89175117,GB,home
34.2166666666667,12,0.8858083,GB,home
34.7833333333333,12,0.87155545,GB,home
34.8333333333333,12,0.84806484,GB,home
35.4666666666667,12,0.8587438,GB,home
35.6833333333333,12,0.8398831,GB,home
36.3,12,0.8371954,GB,home
36.9166666666667,12,0.8082504,GB,home
37.6333333333333,12,0.8247366,GB,home
38.2666666666667,12,0.8408111,GB,home
39.0,12,0.91031706,GB,home
39.1833333333333,12,0.9087391,GB,home
39.7333333333333,12,0.9173475,GB,home
40.3833333333333,12,0.9331056,GB,home
40.4666666666667,12,0.95359826,GB,home
40.5333333333333,12,0.9539703,GB,home
40.5333333333333,12,0.9562002,GB,home
40.6333333333333,12,0.94517285,GB,home
41.2833333333333,12,0.9378282,GB,home
41.9833333333333,12,0.9415885,GB,home
42.5833333333333,12,0.9518999,GB,home
42.6666666666667,12,0.9596918,GB,home
42.7166666666667,12,0.95535314,GB,home
42.8,12,0.95556056,GB,home
42.8,12,0.9489207,GB,home
42.8833333333333,12,0.942624,GB,home
43.2833333333333,12,0.93675977,GB,home
43.4166666666667,12,0.93329185,GB,home
44.1,12,0.9410553,GB,home
44.3166666666667,12,0.94859725,GB,home
44.4,12,0.9550846,GB,home
45.0,12,0.9550846,GB,home
45.0,12,0.96400344,GB,home
45.0666666666667,12,0.97006375,GB,home
45.25,12,0.96782714,GB,home
45.9333333333333,12,0.97040606,GB,home
46.6833333333333,12,0.9541987,GB,home
47.25,12,0.95948637,GB,home
47.3833333333333,12,0.9597351,GB,home
47.3833333333333,12,0.9789355,GB,home
47.5,12,0.983029,GB,home
48.2,12,0.9802091,GB,home
48.95,12,0.9890869,GB,home
49.0166666666667,12,0.9892083,GB,home
49.0166666666667,12,0.9882274,GB,home
49.0166666666667,12,0.99784195,GB,home
49.15,12,0.9985892,GB,home
49.9,12,0.9994468,GB,home
50.6833333333333,12,0.99938345,GB,home
51.3666666666667,12,0.99951124,GB,home
52.1,12,0.99942315,GB,home
52.8166666666667,12,0.99950826,GB,home
53.5666666666667,12,0.9992268,GB,home
54.3333333333333,12,0.99947184,GB,home
55.0833333333333,12,0.9994511,GB,home
55.7,12,0.99991435,GB,home
55.7666666666667,12,0.99991435,GB,home
55.7666666666667,12,0.99992234,GB,home
55.7666666666667,12,0.9999257,GB,home
55.85,12,0.99993193,GB,home
55.9333333333333,12,0.99992037,GB,home
56.6,12,0.99986684,GB,home
56.6833333333333,12,0.99987113,GB,home
57.3666666666667,12,0.9999087,GB,home
58.0,12,0.9999279,GB,home
58.7,12,0.9999362,GB,home
58.7833333333333,12,0.99995553,GB,home
59.4833333333333,12,1.0,GB,home
60.0,12,1.0,GB,home
0.0,13,0.57997644,GB,home
0.116666666666667,13,0.56201303,GB,home
0.75,13,0.5464581,GB,home
1.13333333333333,13,0.51054573,GB,home
1.25,13,0.48805323,GB,home
1.33333333333334,13,0.68421817,GB,home
1.5,13,0.69831824,GB,home
2.2,13,0.6730266,GB,home
2.91666666666666,13,0.69751567,GB,home
3.0,13,0.69929546,GB,home
3.0,13,0.6932754,GB,home
3.0,13,0.7084298,GB,home
3.0,13,0.68393767,GB,home
3.66666666666666,13,0.66272986,GB,home
4.05,13,0.6569036,GB,home
4.51666666666667,13,0.6569036,GB,home
4.91666666666666,13,0.69081724,GB,home
5.65,13,0.74308527,GB,home
6.23333333333333,13,0.75765646,GB,home
7.0,13,0.7463127,GB,home
7.11666666666667,13,0.77788836,GB,home
7.76666666666667,13,0.7724216,GB,home
8.5,13,0.7592725,GB,home
8.61666666666667,13,0.757841,GB,home
9.06666666666667,13,0.79202735,GB,home
9.75,13,0.78921795,GB,home
10.4166666666667,13,0.8072708,GB,home
11.15,13,0.79740274,GB,home
11.85,13,0.805444,GB,home
12.5833333333333,13,0.8450789,GB,home
13.3333333333333,13,0.8531191,GB,home
14.0166666666667,13,0.84706014,GB,home
14.0833333333333,13,0.84750634,GB,home
14.0833333333333,13,0.84379065,GB,home
14.0833333333333,13,0.8322642,GB,home
14.6666666666667,13,0.83043504,GB,home
15.0,13,0.83043504,GB,home
15.0,13,0.8207193,GB,home
15.6666666666667,13,0.8074283,GB,home
16.3666666666667,13,0.8226531,GB,home
17.1,13,0.8207813,GB,home
17.85,13,0.84868383,GB,home
18.7,13,0.855957,GB,home
18.9,13,0.855957,GB,home
19.05,13,0.7946086,GB,home
19.7,13,0.8166095,GB,home
20.4,13,0.8375859,GB,home
21.15,13,0.85700655,GB,home
21.2166666666667,13,0.85336083,GB,home
21.2666666666667,13,0.85648024,GB,home
21.3666666666667,13,0.867411,GB,home
21.8666666666667,13,0.8667717,GB,home
22.5,13,0.8544539,GB,home
23.2333333333333,13,0.8393053,GB,home
23.2833333333333,13,0.8393053,GB,home
23.2833333333333,13,0.83255744,GB,home
23.45,13,0.82345176,GB,home
23.8166666666667,13,0.80912507,GB,home
24.4,13,0.83107185,GB,home
24.9166666666667,13,0.8141894,GB,home
25.65,13,0.8366393,GB,home
26.3833333333333,13,0.8594198,GB,home
26.85,13,0.8716013,GB,home
26.95,13,0.8808981,GB,home
27.5833333333333,13,0.88065326,GB,home
28.0,13,0.87566197,GB,home
28.0,13,0.89667195,GB,home
28.1166666666667,13,0.89583814,GB,home
28.2,13,0.9171098,GB,home
28.3,13,0.9043941,GB,home
28.4,13,0.9032451,GB,home
28.4,13,0.90072846,GB,home
28.4666666666667,13,0.90927464,GB,home
28.55,13,0.9031164,GB,home
28.6666666666667,13,0.89980286,GB,home
28.9666666666667,13,0.8978827,GB,home
29.2833333333333,13,0.90664846,GB,home
29.35,13,0.9056265,GB,home
29.4833333333333,13,0.91844434,GB,home
29.55,13,0.94991463,GB,home
29.6333333333333,13,0.9505537,GB,home
29.75,13,0.95761085,GB,home
29.8666666666667,13,0.954863,GB,home
29.95,13,0.93938607,GB,home
30.0,13,0.93996966,GB,home
30.0666666666667,13,0.94865185,GB,home
30.75,13,0.9449317,GB,home
31.5666666666667,13,0.95519763,GB,home
31.9,13,0.9623854,GB,home
32.0,13,0.9695836,GB,home
32.1333333333333,13,0.967573,GB,home
32.7666666666667,13,0.9727959,GB,home
33.5,13,0.982064,GB,home
34.3,13,0.9835841,GB,home
35.0666666666667,13,0.9816046,GB,home
35.7666666666667,13,0.9807468,GB,home
36.5166666666667,13,0.97915477,GB,home
37.2333333333333,13,0.99130374,GB,home
37.3,13,0.9916271,GB,home
37.4166666666667,13,0.9916431,GB,home
37.8833333333333,13,0.9914844,GB,home
38.4666666666667,13,0.9943096,GB,home
39.2333333333333,13,0.9944889,GB,home
40.0,13,0.9955,GB,home
40.7333333333333,13,0.9929495,GB,home
41.45,13,0.9915581,GB,home
42.2,13,0.9768602,GB,home
42.2833333333333,13,0.96759474,GB,home
42.2833333333333,13,0.9677472,GB,home
42.2833333333333,13,0.97900385,GB,home
42.8,13,0.975778,GB,home
42.85,13,0.98149544,GB,home
43.6166666666667,13,0.9719072,GB,home
44.2833333333333,13,0.96084756,GB,home
44.4333333333333,13,0.9501682,GB,home
44.9166666666667,13,0.95567715,GB,home
45.0,13,0.95567715,GB,home
45.0,13,0.956847,GB,home
45.7,13,0.95331275,GB,home
46.5,13,0.95549536,GB,home
47.1833333333333,13,0.9583045,GB,home
47.8833333333333,13,0.9421728,GB,home
48.2666666666667,13,0.9375118,GB,home
48.9,13,0.9399893,GB,home
49.6166666666667,13,0.9533616,GB,home
50.2833333333333,13,0.96765244,GB,home
50.35,13,0.98809487,GB,home
50.45,13,0.99171525,GB,home
51.1166666666667,13,0.9945643,GB,home
51.1833333333333,13,0.9949019,GB,home
51.9666666666667,13,0.9964097,GB,home
52.9,13,0.9955623,GB,home
52.9333333333333,13,0.99840146,GB,home
53.75,13,0.9986866,GB,home
54.4666666666667,13,0.9987326,GB,home
54.5833333333333,13,0.99598086,GB,home
54.9,13,0.9986345,GB,home
54.9666666666667,13,0.99866384,GB,home
55.0833333333333,13,0.9989948,GB,home
55.5,13,0.99908864,GB,home
55.9,13,0.9983701,GB,home
56.3,13,0.99853134,GB,home
56.35,13,0.99850756,GB,home
56.7833333333333,13,0.99597204,GB,home
56.8666666666667,13,0.99472696,GB,home
56.9333333333333,13,0.9945529,GB,home
56.9333333333333,13,0.99503183,GB,home
56.95,13,0.99612206,GB,home
57.05,13,0.99702376,GB,home
57.8,13,0.9968802,GB,home
57.9166666666667,13,0.9968802,GB,home
57.9166666666667,13,0.9910752,GB,home
58.0666666666667,13,0.9931172,GB,home
58.15,13,0.99720174,GB,home
58.55,13,0.99749386,GB,home
58.6166666666667,13,0.9971983,GB,home
59.0333333333333,13,0.99588126,GB,home
59.3666666666667,13,0.99880874,GB,home
59.4833333333333,13,0.99938726,GB,home
59.9333333333333,13,1.0,GB,home
60.0,13,1.0,GB,home
0.0,16,0.57257336,GB,home
0.0833333333333357,16,0.5597346,GB,home
0.716666666666669,16,0.53262794,GB,home
1.11666666666667,16,0.5634588,GB,home
1.55,16,0.58444667,GB,home
2.18333333333333,16,0.59560066,GB,home
2.83333333333334,16,0.6323757,GB,home
3.61666666666667,16,0.66032535,GB,home
4.28333333333333,16,0.70458484,GB,home
4.96666666666667,16,0.6976196,GB,home
5.63333333333333,16,0.67564386,GB,home
6.25,16,0.70377123,GB,home
6.31666666666667,16,0.7060044,GB,home
6.31666666666667,16,0.6870374,GB,home
6.4,16,0.6768533,GB,home
6.96666666666667,16,0.6611678,GB,home
7.51666666666667,16,0.65786743,GB,home
8.0,16,0.67289126,GB,home
8.61666666666667,16,0.68904126,GB,home
9.21666666666667,16,0.7185358,GB,home
9.26666666666667,16,0.7226114,GB,home
9.26666666666667,16,0.7249344,GB,home
9.36666666666667,16,0.70849824,GB,home
9.46666666666667,16,0.68809414,GB,home
10.0666666666667,16,0.7222929,GB,home
10.45,16,0.73660314,GB,home
11.2,16,0.7536371,GB,home
11.7833333333333,16,0.7402128,GB,home
12.4666666666667,16,0.7166924,GB,home
12.5666666666667,16,0.77675664,GB,home
13.3,16,0.76378137,GB,home
13.4,16,0.74907166,GB,home
14.2666666666667,16,0.7248256,GB,home
15.0,16,0.7248256,GB,home
15.0,16,0.774931,GB,home
15.65,16,0.7783687,GB,home
16.3833333333333,16,0.76013935,GB,home
16.4666666666667,16,0.7382736,GB,home
17.0833333333333,16,0.8215507,GB,home
17.8333333333333,16,0.8473594,GB,home
18.2166666666667,16,0.84750634,GB,home
18.2833333333333,16,0.84750634,GB,home
18.2833333333333,16,0.84379065,GB,home
18.2833333333333,16,0.863007,GB,home
18.9333333333333,16,0.87405026,GB,home
19.2166666666667,16,0.8858031,GB,home
19.8666666666667,16,0.8847079,GB,home
20.4666666666667,16,0.88655835,GB,home
20.5833333333333,16,0.8983395,GB,home
21.2666666666667,16,0.9060063,GB,home
22.0333333333333,16,0.9204794,GB,home
22.7166666666667,16,0.9277927,GB,home
23.15,16,0.9358097,GB,home
23.4666666666667,16,0.9316645,GB,home
23.5333333333333,16,0.9319749,GB,home
23.5333333333333,16,0.92746747,GB,home
23.6333333333333,16,0.9186093,GB,home
24.2833333333333,16,0.9162204,GB,home
24.9666666666667,16,0.9114845,GB,home
25.5166666666667,16,0.9258008,GB,home
25.8333333333333,16,0.9107378,GB,home
26.5,16,0.91640556,GB,home
27.1333333333333,16,0.9598421,GB,home
27.25,16,0.9644191,GB,home
27.8666666666667,16,0.96091044,GB,home
27.95,16,0.9463899,GB,home
28.05,16,0.9421467,GB,home
28.1833333333333,16,0.94064325,GB,home
28.5166666666667,16,0.9436865,GB,home
28.8333333333333,16,0.925128,GB,home
28.9,16,0.9317328,GB,home
28.9666666666667,16,0.9404209,GB,home
29.2333333333333,16,0.93114465,GB,home
29.75,16,0.94542277,GB,home
29.85,16,0.95139956,GB,home
29.9166666666667,16,0.93938607,GB,home
30.0,16,0.93996966,GB,home
30.0833333333333,16,0.94679165,GB,home
30.65,16,0.93671745,GB,home
31.2333333333333,16,0.9469188,GB,home
31.85,16,0.94045216,GB,home
32.6,16,0.9500316,GB,home
32.6666666666667,16,0.95716673,GB,home
32.6666666666667,16,0.9697675,GB,home
32.7666666666667,16,0.9744648,GB,home
33.4333333333333,16,0.9766241,GB,home
34.05,16,0.98164475,GB,home
34.7333333333333,16,0.9800158,GB,home
35.4666666666667,16,0.9826318,GB,home
36.1833333333333,16,0.98332375,GB,home
36.9333333333333,16,0.9804746,GB,home
37.0,16,0.9838268,GB,home
37.7666666666667,16,0.97744274,GB,home
37.8666666666667,16,0.99237794,GB,home
37.95,16,0.99168277,GB,home
38.0166666666667,16,0.99211365,GB,home
38.55,16,0.9948725,GB,home
39.2666666666667,16,0.99367505,GB,home
39.6666666666667,16,0.9949686,GB,home
40.2666666666667,16,0.9929495,GB,home
40.7333333333333,16,0.9942163,GB,home
41.4,16,0.9957074,GB,home
42.0666666666667,16,0.9917769,GB,home
42.6666666666667,16,0.99919647,GB,home
42.8166666666667,16,0.9990225,GB,home
42.9333333333333,16,0.9992943,GB,home
43.5833333333333,16,0.9991466,GB,home
44.3333333333333,16,0.9996166,GB,home
45.0,16,0.9996166,GB,home
45.0,16,0.99953175,GB,home
45.7333333333333,16,0.999503,GB,home
45.85,16,0.9992926,GB,home
46.6333333333333,16,0.9992861,GB,home
46.6333333333333,16,0.9992861,GB,home
46.75,16,0.9966996,GB,home
46.8833333333333,16,0.996711,GB,home
47.2333333333333,16,0.99754775,GB,home
47.3166666666667,16,0.9982336,GB,home
47.9833333333333,16,0.99856895,GB,home
48.05,16,0.99989223,GB,home
48.1666666666667,16,0.99979526,GB,home
48.8666666666667,16,0.9997856,GB,home
48.9333333333333,16,0.99986863,GB,home
49.7333333333333,16,0.99987245,GB,home
50.5,16,0.999858,GB,home
51.1666666666667,16,0.9998783,GB,home
51.8833333333333,16,0.9998894,GB,home
52.65,16,0.9998442,GB,home
52.7166666666667,16,0.9999197,GB,home
52.7833333333333,16,0.9999272,GB,home
52.8833333333333,16,0.9999303,GB,home
52.95,16,0.9999079,GB,home
53.3833333333333,16,0.99993545,GB,home
54.0666666666667,16,0.99991983,GB,home
54.1333333333333,16,0.9998995,GB,home
54.2666666666667,16,0.99988556,GB,home
54.9666666666667,16,0.9998995,GB,home
55.7,16,0.999851,GB,home
55.7833333333333,16,0.99988246,GB,home
55.9,16,0.9998692,GB,home
56.5166666666667,16,0.99989283,GB,home
57.1666666666667,16,0.99992675,GB,home
57.3166666666667,16,0.99992675,GB,home
57.3166666666667,16,0.99991125,GB,home
57.3666666666667,16,0.99991024,GB,home
57.7,16,0.9999422,GB,home
58.0,16,0.99994546,GB,home
58.05,16,0.9999354,GB,home
58.3833333333333,16,0.999939,GB,home
58.4333333333333,16,0.999948,GB,home
58.5166666666667,16,0.9999408,GB,home
58.7,16,0.99996114,GB,home
0.0,18,0.53637767,GB,home
0.100000000000001,18,0.55263734,GB,home
0.666666666666664,18,0.5585937,GB,home
1.36666666666667,18,0.5482983,GB,home
2.05,18,0.5234289,GB,home
2.71666666666667,18,0.49731413,GB,home
2.83333333333334,18,0.49917632,GB,home
3.03333333333333,18,0.52631485,GB,home
3.63333333333333,18,0.5604708,GB,home
4.38333333333333,18,0.5828543,GB,home
5.15,18,0.57257336,GB,home
5.35,18,0.5545366,GB,home
6.0,18,0.56376654,GB,home
6.63333333333333,18,0.58444667,GB,home
7.35,18,0.5716977,GB,home
8.0,18,0.5447286,GB,home
8.06666666666667,18,0.497489,GB,home
8.13333333333333,18,0.32652974,GB,home
8.43333333333333,18,0.3258126,GB,home
8.43333333333333,18,0.3319111,GB,home
8.51666666666667,18,0.36194912,GB,home
9.16666666666666,18,0.36295533,GB,home
9.48333333333333,18,0.37324062,GB,home
10.0833333333333,18,0.36535025,GB,home
10.8,18,0.42009765,GB,home
11.0,18,0.40386692,GB,home
11.75,18,0.37790117,GB,home
11.8166666666667,18,0.34060273,GB,home
12.5333333333333,18,0.33843046,GB,home
12.6,18,0.33843046,GB,home
12.7333333333333,18,0.3660519,GB,home
13.4833333333333,18,0.38866055,GB,home
13.6,18,0.40350986,GB,home
14.3166666666667,18,0.40833586,GB,home
14.7,18,0.38148612,GB,home
14.8333333333333,18,0.25967526,GB,home
14.9666666666667,18,0.26616353,GB,home
15.0,18,0.26616353,GB,home
15.0,18,0.24454463,GB,home
15.6666666666667,18,0.22307877,GB,home
15.7166666666667,18,0.2212074,GB,home
15.7166666666667,18,0.23566562,GB,home
15.8166666666667,18,0.24816872,GB,home
16.2166666666667,18,0.23388265,GB,home
16.3333333333333,18,0.25451332,GB,home
16.6166666666667,18,0.2666969,GB,home
17.3166666666667,18,0.2764817,GB,home
17.6833333333333,18,0.25722092,GB,home
18.1833333333333,18,0.24462844,GB,home
18.2333333333333,18,0.3063435,GB,home
18.7166666666667,18,0.34024066,GB,home
18.8,18,0.34389186,GB,home
18.8,18,0.3580861,GB,home
18.8,18,0.3536616,GB,home
19.1833333333333,18,0.33749735,GB,home
19.7333333333333,18,0.3118921,GB,home
20.5333333333333,18,0.32550752,GB,home
21.1333333333333,18,0.30928922,GB,home
21.7666666666667,18,0.38048643,GB,home
22.45,18,0.38222757,GB,home
22.5833333333333,18,0.37654775,GB,home
23.2166666666667,18,0.39487508,GB,home
23.8833333333333,18,0.38970104,GB,home
24.5666666666667,18,0.3644373,GB,home
24.6166666666667,18,0.479196,GB,home
25.1333333333333,18,0.48231956,GB,home
25.7333333333333,18,0.5248182,GB,home
26.35,18,0.49889272,GB,home
27.0,18,0.4706416,GB,home
27.5,18,0.44289592,GB,home
28.0,18,0.40489805,GB,home
28.05,18,0.37042665,GB,home
28.1666666666667,18,0.3467679,GB,home
28.5833333333333,18,0.3831483,GB,home
28.7,18,0.33692175,GB,home
29.1,18,0.3357159,GB,home
29.1666666666667,18,0.35590845,GB,home
29.1666666666667,18,0.39705998,GB,home
29.3,18,0.42730212,GB,home
29.3833333333333,18,0.49416617,GB,home
29.5,18,0.46318436,GB,home
30.0,18,0.46284187,GB,home
30.0,18,0.47022474,GB,home
30.45,18,0.48287326,GB,home
30.9,18,0.39798754,GB,home
31.6666666666667,18,0.41568393,GB,home
31.8333333333333,18,0.45733583,GB,home
32.5,18,0.47870463,GB,home
33.2333333333333,18,0.37447488,GB,home
33.95,18,0.5751399,GB,home
34.1666666666667,18,0.5664348,GB,home
34.75,18,0.5955298,GB,home
35.1166666666667,18,0.6063468,GB,home
35.7,18,0.6366026,GB,home
36.3833333333333,18,0.41977042,GB,home
36.5333333333333,18,0.4008298,GB,home
37.0166666666667,18,0.4163283,GB,home
37.4333333333333,18,0.38686454,GB,home
38.05,18,0.43278456,GB,home
38.5333333333333,18,0.42276436,GB,home
39.2666666666667,18,0.45571744,GB,home
39.9333333333333,18,0.47833443,GB,home
40.75,18,0.53030246,GB,home
40.8666666666667,18,0.5527309,GB,home
41.4,18,0.54610014,GB,home
42.2166666666667,18,0.559352,GB,home
42.7333333333333,18,0.6070855,GB,home
43.4666666666667,18,0.569187,GB,home
43.8333333333333,18,0.58538455,GB,home
44.5833333333333,18,0.54801255,GB,home
45.0,18,0.54801255,GB,home
45.0,18,0.418361,GB,home
45.0833333333333,18,0.457066,GB,home
45.7833333333333,18,0.44414425,GB,home
46.5166666666667,18,0.3654331,GB,home
47.1333333333333,18,0.370838,GB,home
47.75,18,0.4035812,GB,home
48.5,18,0.34500754,GB,home
49.15,18,0.35444778,GB,home
49.8166666666667,18,0.1724593,GB,home
49.9666666666667,18,0.16714415,GB,home
49.9666666666667,18,0.16505456,GB,home
49.9666666666667,18,0.16107747,GB,home
50.0333333333333,18,0.19053417,GB,home
50.4166666666667,18,0.18691964,GB,home
50.7833333333333,18,0.14277107,GB,home
51.6,18,0.12019336,GB,home
52.3,18,0.084478736,GB,home
52.4333333333333,18,0.079357326,GB,home
53.1166666666667,18,0.08648622,GB,home
53.1833333333333,18,0.10755277,GB,home
53.9,18,0.158651,GB,home
54.0333333333333,18,0.13778448,GB,home
54.1166666666667,18,0.11295337,GB,home
54.6833333333333,18,0.0883412,GB,home
55.2666666666667,18,0.22572096,GB,home
55.4166666666667,18,0.39474314,GB,home
55.5333333333333,18,0.2743585,GB,home
55.5333333333333,18,0.2647707,GB,home
55.6333333333333,18,0.27822745,GB,home
56.3333333333333,18,0.26226407,GB,home
56.45,18,0.22509503,GB,home
57.1166666666667,18,0.14738387,GB,home
57.8333333333333,18,0.10158759,GB,home
58.0,18,0.12850213,GB,home
58.0833333333333,18,0.5671508,GB,home
58.1833333333333,18,0.5828049,GB,home
58.4833333333333,18,0.5434702,GB,home
58.9166666666667,18,0.42977813,GB,home
59.0333333333333,18,0.56233436,GB,home
59.2,18,0.59437716,GB,home
59.1,18,0.6498154,GB,home
59.4333333333333,18,0.49264276,GB,home
59.5333333333333,18,0.59731936,GB,home
59.3333333333333,18,0.4986235,GB,home
59.6666666666667,18,0.702901,GB,home
59.75,18,0.3831792,GB,home
59.75,18,0.702901,GB,home
59.95,18,0.38290966,GB,home
59.9666666666667,18,0.0,GB,home
60.0,18,0.0,GB,home
